Descrizione;k;k_packaging
Abbacchio In Parti;1;
Abbacchio Intero / MetÃ ;1;
Abondance;1;
Acciuga / Alice;4.66;
Acciuga / Alice Fritta;1;
Acciuga / Alice Marinata;1;
Acciuga / Alice Pulita;4.66;
Acciuga / Alice Salata;4.66;
Agita e Gusta:Betacarotene;1;
Agita e Gusta:Cereali;1;
Agita e Gusta:Fibre;1;
Agita e Gusta:Mais/Olive Nere;1;
Agita E Gusta:Mediterranea;1;
Agita e Gusta:Noci/Aceto Balsamico;1;
Agita e Gusta:Omega 3;1;
Agita e Gusta:Pomodori e Noci;1;
Aglio Bianco;1;
Aglio Bianco Bio;1;
Aglio Bianco Fresco;1;
Aglio Bianco In Spicchi;1;
Aglio Bianco In Treccia;1;
Aglio Bianco Piacentino;1;
Aglio Bianco Polesano;1;
Aglio Bianco Secco;1;
Aglio Bianco Secco Bio;1;
Aglio Bianco Spellato;1;
Aglio Di Voghiera DOP;1;
Aglio Liofilizzato;1;
Aglio Nero;1;
Aglio Nero Bio;1;
Aglio Rosato;1;
Aglio Rosso;1;
Aglio Rosso Bio;1;
Aglio Rosso Di Nubia;1;
Aglio Rosso Di Sulmona;1;
Aglio Rosso Fresco;1;
Aglio Rosso In Treccia;1;
Aglio Rosso Secco;1;
Agnello Da Latte In Parti;1;
Agnello Da Latte Intero / MetÃ ;1;
Agretti;1;
Agretti In Busta;1;
Aguglia Imperiale;1;
Albicocche;1;
Albicocche Bio;1;
Albicocche Ninfa;1;
Albicocche Secche;1;
Albicocche Secche Bio;1;
Alchechengi;1;
Alette Arrosto Pollo ;1;
Alette Impanate Pollo;1;
Alette Piccanti / Diavola Pollo;1;
Alette Pollo;2.23;
Alghe;1;
Ali / Alette Di Baccal├á;1;
Ali Di Pollo Gastronomia;1;
Ali Di Pollo Piccanti Gastronomia;1;
Ali Di Razza;1;
Ali Tacchino;1;
Alici / Acciughe In Salsa Verde;1;
Alici / Acciughe Marinate;1;
Alici / Acciughe Salate;1;
Alloro;1;
Alloro Bio;1;
Alpkase;1;
Amaranto;1;
Amarena Disidratata;1;
Anacardi;1;
Anacardi In Guscio;1;
Anacardi Sgusciati;1;
Ananas;4.8;Sfuso
Ananas A Cubetti;1;
Ananas A Fette / Quarti / Pezzi;4.8;Sfuso
Ananas Baby;1;
Ananas Bio;1;
Ananas Disidratata;1;
Ananas Essiccato a Fette;1;
Ananas Via Aerea;1;
Anatra In Parti / A Pezzi;1;
Anatra Intera;1;
Anatra Intera / Busto;1;
Anelli Di Calamaro;2.19;
Anelli Di Calamaro Fritti;1;
Anelli Di Cipolla Fritti;1;
Anelli Di Totano;5.17;
Aneto;1;
Angelico Del Grappa;1;
Anguilla;1;
Anguilla Fritta;1;
Anguilla Grigliata;1;
Anguilla Marinata;1;
Anguilla Marinata;1;
Anguria ;8.33;Sfuso
Anguria Gialla;8.33;Sfuso
Anguria Mini;8.33;Sfuso
Anguria Mini Bio;1;
Anguria Nera;1;
Anguria Senza Semi;8.33;Sfuso
Anguria Tagliata;1;
Anime Abbacchio;1;
Anime Vitello;1;
Anteriore Coniglio;1;
Aostadolce;1;
Arachidi In Guscio;1;
Arachidi In Guscio Bio;1;
Arachidi In Guscio Tostati;1;
Arachidi Jumbo;1;
Arachidi Sgusciati Affumicati;1;
Arachidi Sgusciati Piccanti;1;
Arachidi Sgusciati Salati;1;
Arachidi Sgusciati Salati E Tostati;1;
Aragosta;1;
Arance Bio;1;
Arance Bionde Ovali;4.93;Sfuso
Arance Foglia;4.93;Sfuso
Arance Moro;4.93;Sfuso
Arance Moro Bio;1;
Arance Navel;4.93;Sfuso
Arance Navel Bio;1;
Arance Navel D.O.P.;4.93;Sfuso
Arance Navel Foglia;4.93;Sfuso
Arance Ribera;4.93;Sfuso
Arance Salustiane;4.93;Sfuso
Arance Sanguinello;4.93;Sfuso
Arance Tarocco;4.93;Sfuso
Arance Tarocco Bio;1;
Arance Tarocco Foglia;4.93;Sfuso
Arance Tarocco IGP;4.93;Sfuso
Arance Valencia;4.93;Sfuso
Arance Valencia Bio;1;
Arance Vaniglia Apireno;4.93;Sfuso
Arance Washington Navel;4.93;Sfuso
Arance Washington Navel Bio;1;
Arancini;1;
Aringa;1;
Aringa Affumicata;1;
Aringhe Marinate;1;
Aromi Freschi: Aromi Misti;1;
Aromi Freschi: Aromi Misti Bio;1;
Aromi Freschi: Basilico;1;
Aromi Freschi: Peperoncini Tritati;1;
Aromi Freschi: Prezzemolo;1;
Aromi Freschi: Rosmarino;1;
Aromi Freschi: Salvia;1;
Aromi Freschi: Salvia E Rosmarino;1;
Aromi Freschi: Timo E Menta;1;
Arrosticini / Spiedini Agnello;1;
Arrosticini / Spiedini Vitello;1;
Arrosticini B.A.;1;
Arrosticini Cinghiale;1;
Arrosticini Pollo ;1;
Arrosticini Scottona B.A.;1;
Arrosticini Suino;1;
Arrosticini Tacchino ;1;
Arrosto Magro B.A.;1;
Arrosto Manzo Gastronomia;1;
Arrosto Misto Pollo E Tacchino;1;
Arrosto Pollo;1;
Arrosto Pollo Gastronomia;1;
Arrosto Suino;1;
Arrosto Suino Gastronomia;1;
Arrosto Tacchino;1;
Arrosto Tacchino Gastronomia;1;
Arrosto Vitello;1;
Arrotolato / Roll├® Coniglio;1;
Arrotolato / Roll├® Faraona;1;
Arrotolato / Roll├® Suino;1;
Arrotolato / Roll├® Vitello;1;
Arrotolato / RollÃ© B.A.;1;
Arrotolato / RollÃ© Pollo;1;
Arrotolato / RollÃ© Tacchino;1;
Asiago D'Allevo;3.97;
Asiago Mezzano;3.97;
Asiago Nero;3.97;
Asiago Pressato Fresco;3.97;
Asiago Stravecchio;3.97;
Asiago Vecchio;3.97;
Asmonte Vecchio;1;
Asparagi Bianchi;1;
Asparagi Bio;1;
Asparagi Fiorone;1;
Asparagi Rosa;1;
Asparagi Verdi;1;
Asparagina;1;
Asparago Di Mare;1;
Assortimento Misto Agnellone;1;
Assortimento Misto Suino;1;
Astice;1;
Avena Decorticata Bio;1;
Avocado;1;
Avocado Bio;1;
Avocado Hass;1;
Avocado Via Aerea;1;
Azuki;1;
Azuki Bio;1;
Baccal├á Fritto;1;
Baccal├á Gratinato;1;
Baccal├á In Umido;1;
Baccal├á Mantecato;1;
Baccal├á Vicentino;1;
Bacche Di Aronia;1;
Bacche Di Goji;1;
Bacon;1;
Bagnetto Verde;1;
Bagoss;1;
Baguette;1;
Baguette Ai Cereali;1;
Baguette Con Biga;1;
Baguette Con Semi Di Quinoa;1;
Baguette Demi / Mini Con Biga;1;
Baguette Demi / Mini Con Cereali;1;
Baguette Di Grano Duro;1;
Baguette Di Grano Duro E Sesamo;1;
Baguette Integrale;1;
Baguette Mediterranea;1;
Baguette Prestige;1;
Baguette Rustica;1;
Balente;1;
Banana Chips;1;
Banane;13.41;Sfuso
Banane Bio;1;
Banane Rosse;1;
Banane Selvatiche;1;
Bananito / Banane Baby;1;
Bananito / Banane Baby Bio;1;
Barbabietole Rosse Cotte;1;
Barricato Al Pepe;1;
Barzotto;1;
Base Per Pizza;1;
Basilico Bio;1;
Basilico In Vaso;1;
Basilico Sfuso / Mazzo;1;
Basilio;1;
Basilio Al Peperoncino;1;
Bastardo Del Grappa;1;
Bastoncini Di Pollo;1;
Battuta Fassona B. A.;1;
BBMix;1;
Bel Birbante;1;
Bel Paese;1;
Bel Sepi;1;
Belmonte Piceno;1;
Bergader Caciotta;2.65;
Bergader Cremosissimo;1;
Bergader Dolce / Edelpilz;1;
Bergader Piccante / Edelpilz;1;
Bergamotti;1;
Biancone Del Grappa;1;
Biancostato / Bollito B.A.;4.43;
Biancostato / Bollito Vitello;0.75;
Biancostato Piemontese B.A.;1;
Biancostato Scottona B.A.;1;
Biancostato Vitello;1;
Bieta / Bietola A Coste;1;
Bieta / Bietola A Coste Bio;1;
Bieta / Bietola A Coste Rosse;1;
Bieta In Busta;1;
Bietina / Bietolina / Erbette;1;
Birbe / Crocchette / Cricche Con Speck Pollo ;1;
Birbe / Crocchette / Cricche Pollo;1;
Birbe / Crocchette / Cricche Tacchino;1;
Birbe / Crocchette Di Pollo Gastronomia;1;
Birbe/Crocchette/Cricche Con Formaggio Pollo;1;
Birbe/Crocchette/Cricche Con Spinaci Pollo;1;
Bisalta;1;
Bistecca Costa / Costata Puledro;1;
Bistecca Costa Con Osso B.A.;1;
Bistecca Costa Con Osso Chianina B.A.;1;
Bistecca Costa Con Osso Irlandese B.A.;1;
Bistecca Costa Con Osso Scottona B.A.;1;
Bistecca Costa Con Osso Vitello;1;
Bistecca Costa Equino;1;
Bistecca Costa Senza Osso B.A.;1;
Bistecca Costa Senza Osso Chianina B.A.;1;
Bistecca Costa Senza Osso Irlandese B.A.;1;
Bistecca Costa Senza Osso Scottona B.A.;1;
Bistecca Costa Suino;7.43;
Bistecca Di Costa / Costata Cinghiale;1;
Bistecca Pollo;1;
Bistecca Tacchino;1;
Bistecche / Braciole / Nodini Di Lombo Suino;7.43;
Bistecche / Braciole Di Collo Suino;1.2;
Bistecche Di Collo Con Osso Cinghiale;1;
Bistecche Di Collo Senza Osso Cinghiale;1;
Bistecche Di Coppa Senza Osso Cinghiale;1;
Bistecche Di Fracosta / Reale B.A.;1;
Bistecche Di Fracosta / Reale Chianina B.A.;1;
Bistecche Di Fracosta / Reale Piemontese B.A.;1;
Bistecche Di Fracosta / Reale Scottona B.A.;1;
Bistecche Di Fracosta / Reale Vitello;1;
Bistecche Di Lombo / Sirloin B.A.;1;
Bistecche Di Lombo / Sirloin Chianina B.A.;1;
Bistecche Di Lombo / Sirloin Danese B.A.;1;
Bistecche Di Lombo / Sirloin Piemontese B.A.;1;
Bistecche Di Lombo / Sirloin Scottona B.A.;1;
Bistecche Di Lombo Cinghiale;1;
Bistecche Di Lombo Coniglio;1;
Bitto;1;
Bleu D'Auvergne;1;
Bleu Des Causses;1;
Blutunt;1;
Bocconcini / Cuori Di Baccal├á / Stoccafisso;1;
Bocconcini / Spezzatino / Cinghiale;1;
Bocconcini / Spezzatino Agnello;1;
Bocconcini / Spezzatino B.A.;1.85;
Bocconcini / Spezzatino Coniglio;1;
Bocconcini / Spezzatino Equino;1;
Bocconcini / Spezzatino Lepre;1;
Bocconcini / Spezzatino Piemontese B.A.;1;
Bocconcini / Spezzatino Pollo;1;
Bocconcini / Spezzatino Suino;1;
Bocconcini / Spezzatino Tacchino;1;
Bocconcini / Spezzatino Vitello;1.22;
Bocconcini Conditi Tacchino;1;
Bocconcini Di Bufala;1;
Bocconcini Di Bufala Affumicata;1;
Bocconcini Di Grano Duro;1;
Bocconcini Di Grano Tenero;1;
Bocconcini Di Pane;1;
Bocconcini Di Pane Ai Multicereali;1;
Bocconcini Di Pane Con Noci;1;
Bocconcini Di Pane Con Olive;1;
Bocconcini Di Pane Con Semi;1;
Bocconcini Di Pane Conditi;1;
Bocconcini Di Pane Integrali;1;
Bocconcini Di Pesce Spada;1;
Bocconcini Di Tonno;1.54;
Bocconcini Di Tonno A Pinne Gialle;1.54;
Bocconcini Impanati Pollo;1;
Bocconcini Latte Di Bufala;1;
Bocconcini Scottona B.A.;1;
Bocconcini Vaccina;1;
Boga;1;
Bollito B.A.;4.43;
Bollito Misto (B.A. E Gallina);1;
Bombette / Turcinieddi Suino;1;
Bon Roll / Rollata Di Pollo Condito;1;
Bon Roll / Rollata Di Pollo E Tacchino;1;
Bon Roll / Rollata Di Tacchino;1;
Bon Roll / Rollata Pollo E Tacchino Condito;1;
Bontaleggio;1;
Borgaiolo Stravecchio;1;
Bottarga Di Muggine;1;
Bottarga Di Muggine;1;
Bottarga Di Storione;1;
Bottarga Di Storione;1;
Bottarga Di Tonno;1;
Bottarga Di Tonno;1;
Boursalt;1;
Bozza Toscana;1;
Bra Duro;1;
Bra Tenero;1;
Braciole Di Coppa Con Osso Cinghiale;1;
Braciole Di Pollo;1;
Braciole Vitello;1;
Branzi;1;
Branzi Stagionato;1;
Brasato Barolo;1;
Brebiblu;1;
Brebidor;1;
Breganze;1;
Brenta Pinzolo;1;
Brenta Pinzolo Stagionato;1;
Bresaola;3.16;
Bresaola Al Forno;1;
Bresaola Chiavennasca;3.16;
Bresaola Di Black Angus;3.16;
Bresaola Di Chianina;3.16;
Bresaola Di Cinghiale;1;
Bresaola Di Fassona;3.16;
Bresaola Equina;1;
Bresaola Manzo;3.16;
Bresaola Punta D'Anca / Valtellina;3.16;
Bresaola Punta D'Anca / Valtellina Intera;3.16;
Bresaola Sottofesa;1;
Bresaola Tacchino;1;
Brie;1;
Brie De Ch├¿vre;1;
Brie Disalp;1;
Brigante;1;
Brigante Piccante;1;
Brillant Savarin;1;
Broccoletti Bio;1;
Broccoletti Siciliani / Baresi;1;
Broccoletti Siciliani / Baresi Bio;1;
Broccoli Rapini;1;
Broccolo / Cavolfiore / Cimone Romanesco;2.07;Sfuso
Broccolo Fiolaro Di Creazzo;1;
Brosme / Brosmio;1;
Brutto/Buono B. A.;1;
Buche De Ch├¿vre;1;
Burrata;1;
Burrata In Foglia;1;
Burratina;1;
Burratina Affumicata;1;
Butterino;1;
Cabrissac;1;
Cacio De Roma;1;
Cacio Del Conte;1;
Cacio Di Genazzano;1;
Cacio Donnanella;1;
Cacio D'Oro;1;
Cacio D'Oro Al Peperoncino;1;
Cacio Forte;1;
Cacio Fresco;1;
Cacio Ghiotto;1;
Cacio Marzolino;1;
Cacio Nocello;1;
Cacio Ricco;1;
Cacio Ricotta;1;
Cacio Ricotta Affumicato;1;
Cacio Ricotta Al Negroamaro;1;
Cacio Ricotta Di Pecora;1;
Cacio Ricotta Grattuggiato;1;
Cacio Ricotta Misto;1;
Cacio Ricotta Piccante;1;
Cacio Ricotta Vaccina;1;
Cacio Romano;1;
Cacio Stracco;1;
Caciocavallo Affumicato;1;
Caciocavallo Al Montepulciano;1;
Caciocavallo Al Peperoncino;1;
Caciocavallo Al Vino / Vinaccia;1;
Caciocavallo Di Bufala;1;
Caciocavallo Di Grotta;1;
Caciocavallo Di Montella;1;
Caciocavallo Fresco / Bianco;1;
Caciocavallo Grattuggiato;1;
Caciocavallo Irpinio Terminio;1;
Caciocavallo Occhiato;1;
Caciocavallo Semi Stagionato;1;
Caciocavallo Silano;1;
Caciocavallo Silano Affumicato;1;
Caciocavallo Stagionato;1;
Caciocordisco;1;
Caciocordisco Affumicato;1;
Cacionerone;1;
Caciotta / Formaggio Allo Zafferano;2.65;
Caciotta / Formaggio Con Mandorle;2.65;
Caciotta / Formaggio Con Noci;2.65;
Caciotta / Formaggio Con Olive;2.65;
Caciotta / Formaggio Con Pepe;2.65;
Caciotta / Formaggio Con Peperoncino;2.65;
Caciotta / Formaggio Con Pistacchio;2.65;
Caciotta / Formaggio Con Pomodori;2.65;
Caciotta / Formaggio Con Rucola;2.65;
Caciotta / Formaggio Con Tartufo;2.65;
Caciotta Barilotto;2.65;
Caciotta Capritilla;2.65;
Caciotta Contadina;2.65;
Caciotta Crema Capitolina;2.65;
Caciotta Crema Di Siena;2.65;
Caciotta Delizia;2.65;
Caciotta Dell' Appennino Modenese;2.65;
Caciotta Di Capra;2.65;
Caciotta Di Capra Dura;2.65;
Caciotta Di Raiano;2.65;
Caciotta Fraschetta;2.65;
Caciotta Giulietta;2.65;
Caciotta Gustosa;2.65;
Caciotta La Priora;2.65;
Caciotta Mista;2.65;
Caciotta Mista Monte San Pietro;2.65;
Caciotta Modestina;2.65;
Caciotta Montefeltro;2.65;
Caciotta Monterado;2.65;
Caciotta Norcia;2.65;
Caciotta Nostrana;2.65;
Caciotta Nursinella;2.65;
Caciotta Pecorella;2.65;
Caciotta Piccante;2.65;
Caciotta Regionale;2.65;
Caciotta Roccapontina;2.65;
Caciotta Romana Dell' Acquedotto;2.65;
Caciotta Romana Dell'Archetto;2.65;
Caciotta San Patrignano;2.65;
Caciotta Senese;2.65;
Caciotta Sienetta;2.65;
Caciotta Sini;2.65;
Caciotta Tenera;2.65;
Caciotta Tenera Colli Bolognesi;2.65;
Caciotta Tiburtina;2.65;
Caciotta Tipo Norcia;2.65;
Caciotta Toscana;2.65;
Caciotta Toscana Piccante;2.65;
Caciotta Urbino;2.65;
Caciotta Vaccina;2.65;
Caciotta Vaccina Colfiorito;2.65;
Caciotta Valsugana;2.65;
Caciotta Veneta;2.65;
Caciottella Cremasca;2.65;
Caciottone;2.65;
Caciottone Dolce Nero;2.65;
Caciottone Monte Capra;2.65;
Calamari Fritti;1;
Calamaro;2.19;
Calamaro Ripieno;1;
Caliceddi;1;
Calzone Cotto Al Forno;1;
Calzone Fritto;1;
Camembert;1;
Camembert Di Bufala;1;
Camoscio D'Oro;1;
Campon;1;
Cancoilotte;1;
Canestrato Al Nero Di Troia;1;
Canestrato Al Pepe;1;
Canestrato Del Pastore;1;
Canestrato Di Moliterno;1;
Canestrato Di Pecora;1;
Canestrato Di Pecora All' Arancia;1;
Canestrato Lucano;1;
Canestrato Misto;1;
Canestrato Pugliese / Foggiano;1;
Canestrato Pugliese / Foggiano Piccante;1;
Canestrato Semistagionato;1;
Canestrato Siciliano;1;
Canestrato Silano;1;
Canestrato Stagionato;1;
Canestrato Toscano;1;
Canestrino;1;
Cannelloni Al Forno;1;
Cannolicchi;1;
Cantal;1;
Capasanta Atlantica;1;
Capasone;1;
Capasone Stagionato;1;
Capocollo Di Faeto;1;
Capocollo Nostrano;1;
Capocollo Piccante;1;
Capocollo Pugliese;1;
Capocollo Romano;1;
Capocollo Stagionato;1;
Caponata Melanzane;1;
Capperi;1;
Capperi Al Sale;1;
Capperi In Salamoia;1;
Cappone In Quarti;1;
Cappone Intero / Busto;1;
Capr├¼;1;
Capra Nera;1;
Capra Regina;1;
Capra Rossa;1;
Capra Sarda;1;
Capratosta;1;
Caprel;1;
Capretto In Parti;1;
Capretto Intero / MetÃ ;1;
Capretto Met├á;1;
Capretto Sardo;1;
Capridor;1;
Caprino;1;
Caprino Al Finocchietto Selvatico;1;
Caprino Caprissima;1;
Caprino Caprissima Stagionato;1;
Caprino Semistagionato;1;
Caprino Stagionato;1;
Caprino Vaccino;1;
Capriolo;1;
Capruccio;1;
Carambola;1;
Carciofi Apollo;1;
Carciofi Bio;1;
Carciofi Con Spine / Sardi;1;
Carciofi Cotti;1;
Carciofi Fritti;1;
Carciofi Gastronomia;1;
Carciofi Mammole;1;
Carciofi Moretto;1;
Carciofi Puliti;1;
Carciofi Romaneschi;1;
Carciofi Sott'Olio;1;
Carciofi Tema;1;
Carciofi Violetto;1;
Carciofini;1;
Cardi;1;
Carlo Magno;1;
Carne Salada;1;
Carote;2.22;Sfuso
Carote A Ciuffo;2.22;Sfuso
Carote Baby;1;
Carote Baby Bio;1;
Carote Baby Cotte;1;
Carote Bio;1;
Carote Cotte;1;
Carote Del Fucino IGP;2.22;Sfuso
Carote Julienne / In Fili;1;
Carote Julienne Bio;1;
Carote Julienne Con Zucchine;1;
Carote Novelle;2.22;Sfuso
Carote Selenio;1;
Carote Tagliate a rondelle;1;
Carote Viola / Nere;1;
Carpaccio B.A.;1;
Carpaccio Bovino Gastronomia;1;
Carpaccio Chianina B.A.;1;
Carpaccio Danese B.A.;1;
Carpaccio Di Pesce Spada;1;
Carpaccio Di Polpo;1;
Carpaccio Di Salmone;1;
Carpaccio Di Salmone Affumicato;1;
Carpaccio Equino;1;
Carpaccio Equino Gastronomia;1;
Carpaccio Scottona B.A. ;1;
Carpaccio Vitello;1;
Carr├¿ Cinghiale;1;
Carr├® Agnello;1;
Carr├® Coniglio;1;
Carr├® Suino;1;
Carr├® Vitello;1;
Carvanzina;1;
Casatella Trevigiana;1;
Casatina Di Biancade;1;
Casol├¿t;1;
Castagne;1;
Castagne Bio;1;
Castagne Cotte;1;
Castagne Secche;1;
Castelmagno;1;
Castelmagno Di Alpeggio;1;
Castelrosso;1;
Casutin;1;
Cavolfiore Arancione;2.07;Sfuso
Cavolfiore Bianco;2.07;Sfuso
Cavolfiore Bianco Bio;1;
Cavolfiore Verde;2.07;Sfuso
Cavolfiore Viola;2.07;Sfuso
Cavoli / Cavolini Di Bruxelles;1;
Cavolo Cappuccio Cuore;1;
Cavolo Cappuccio Tondo;1;
Cavolo Nero Toscano;1;
Cavolo Nero Toscano Bio;1;
Cavolo Nero Toscano In Busta;1;
Cavolo Rapa;1;
Cavolo Rapa Rosso;1;
Cavolo Verza / Verza Riccia;1;
Cavolo Verza / Verza Riccia Bio;1;
Cazzottini Di Pane / Zoccoletti;1;
Cazzottini Di Pane / Zoccoletti Alle Olive;1;
Cazzottini Di Pane / Zoccoletti Di grano Duro;1;
Ceci;1;
Ceci Bio;1;
Ceci Neri;1;
Ceci Tostati;1;
Cedri;1;
Cefalo;2.17;
Cernia;1;
Certosa;1;
Cervella B.A.;1;
Cervella Vitello;1;
Cetrioli;1;
Cetrioli Baby;1;
Cetrioli Bio;1;
Cetrioli Carosello / Barattiere;1;
Cetrioli Cetrangolo / Cucummero;1;
Chambrie De Luxe;1;
Chaource;1;
Cheddar;1;
Chele Di Granchio;1;
Chele Di Granchio Fritte;1;
Cherimoya;1;
Chevre Cendr├¿;1;
Chevrette;1;
Chicchi Di Melograno;1;
Chicchi Di Suino;1;
Chicchi Suino;1;
Chicchi Vitello;1;
Ciabatta Al Carbone;1;
Ciabatte;1;
Ciabatte Ai Multicereali;1;
Ciabatte Al Grano Saraceno;1;
Ciabatte Al Latte;1;
Ciabatte All'Olio;1;
Ciabatte Con Lievito Madre;1;
Ciabatte Con Olive;1;
Ciabatte Con Semi Di Quinoa;1;
Ciabatte Condite;1;
Ciabatte Di Grano Duro;1;
Ciabatte Di Semola;1;
Ciabatte Integrali;1;
Ciambella Casereccia;1;
Ciambella Di Grano Duro;1;
Ciambellone;1;
Ciambellone Affumicato;1;
Ciauscolo;1;
Ciauscolo Di Visso;1;
Ciccioli / Greppole Suino;1;
Ciccioli Di Suino;1;
Cicerchia;1;
Cicoria / Catalogna / Cicorione A Mazzo;1;
Cicoria / Catalogna / Cicorione In Busta;1;
Cicoria Catalogna;1;
Cicoria Da Campo;1;
Cicoria Puntarelle;1;
Cicorino Rosso;1;
Cicorino Verde;1;
Ciliege Secche / Essiccate;1;
Ciliegie;1;
Ciliegie Bigarreaux;1;
Ciliegie Bio;1;
Ciliegie Duroni;1;
Ciliegie Ferrovia;1;
Ciliegie Giorgia;1;
Ciliegie Malizia;1;
Ciliegie Ravenna;1;
Ciliegie Vignola;1;
Cime di Rapa / Broccoletti;1;
Cime Di Rapa / Broccoletti In Busta;1;
Cinghiale In Parti / A Pezzi;1;
Cipollata B.A.;1;
Cipollata Suino;1;
Cipolle Bianche;1.12;Sfuso
Cipolle Bianche Bio;1;
Cipolle Bianche Di Margherita IGP;1.12;Sfuso
Cipolle Bianche Fresche;1.12;Sfuso
Cipolle Bianche Giarretane;1.12;Sfuso
Cipolle Bianche Novelle;1.12;Sfuso
Cipolle Bianche Pulite;1.12;Sfuso
Cipolle Borettane;1.12;Sfuso
Cipolle Borettane Pulite;1.12;Sfuso
Cipolle Borettane Sott'Olio;1;
Cipolle Dolci;1.12;Sfuso
Cipolle Dorate;1.12;Sfuso
Cipolle Dorate Bio;1;
Cipolle Dorate Di Voghera;1.12;Sfuso
Cipolle Dorate Piacentine;1.12;Sfuso
Cipolle Dorate Pulite;1.12;Sfuso
Cipolle Ramate;1.12;Sfuso
Cipolle Ripiene;1;
Cipolle Rosate;1.12;Sfuso
Cipolle Rosse;1.12;Sfuso
Cipolle Rosse Bio;1;
Cipolle Rosse Piacentine;1.12;Sfuso
Cipolle Rosse Pulite;1.12;Sfuso
Cipolle Rosse Tropea IGP;1.12;Sfuso
Cipolline;1;
Cipolline In Agrodolce;1;
Cipolline pelate;1;
Cipollotti Bianchi;1;
Cipollotti Nocerini;1;
Cipollotti Rossi;1;
Ciriaci;1;
Ciriole;1;
Ciriole Integrali;1;
Ciuffi / Tentacoli Di Totano;5.17;
Ciuffi Di Calamaro;2.19;
Ciuffi Di Seppia;4.22;
Ciumachella;1;
Clementine;4.03;Sfuso
Clementine Bio;1;
Clementine Foglia;4.03;Sfuso
Clementine Tacle;4.03;Sfuso
Cocco A Cubetti;1;
Cocco Disidratato;1;
Cocktail Di Olive;1;
Coda B.A.;1;
Coda Di Rospo / Rana Pescatrice;1;
Coda Suino;1;
Coda Vitello;1;
Code Gambero / Gamberetto Rosa Sgusciato;1;
Code Gambero / Gamberone Argentino;2.78;
Code Gambero / Gamberone Sgusciato;1;
Code Mazzancolle / Gambero Bianco;1;
Code Mazzancolle Tropicali Grandi;2.59;
Code Mazzancolle Tropicali Medie;2.59;
Code Mazzancolle Tropicali Precotte Grandi;2.59;
Code Mazzancolle Tropicali Precotte Medie;2.59;
Coglioni Di Mulo;1;
Colli Euganei;1;
Collina Veneta;1;
Collo Tacchino;1;
Comt├¿;1;
Coniglio In Parti / A Pezzi;1;
Coniglio In Parti / A Pezzi Condito;1;
Coniglio Intero;1;
Conte Sardo;1;
Controfiletto A Fette Argentina B.A.;1;
Controfiletto A Fette B.A.;0.14;
Controfiletto A Fette Black Angus B.A.;1;
Controfiletto A Fette Chianina B.A.;1;
Controfiletto A Fette Danese B.A.;1;
Controfiletto A Fette Piemontese B.A.;0.14;
Controfiletto A Fette Pollo;1;
Controfiletto A Fette Scottona B.A.;1;
Controfiletto A Pezzi Pollo;1;
Controfiletto Equino;1;
Controfiletto Puledro;1;
Coppa / Lonza / Capocollo;1;
Coppa / Lonza / Capocollo Di Suino Nero;1;
Coppa / Lonza / Capocollo Di Zibello;1;
Coppa / Lonza / Capocollo Piccante;1;
Coppa A Fette Senza Osso Cinghiale;1;
Coppa A Fette Senza Osso Suino;1.2;
Coppa A Tranci Senza Osso Cinghiale;1;
Coppa A Tranci Senza Osso Suino;1.2;
Coppa Di Parma;1;
Coppa Di Testa;1;
Coppa Piacentina;1;
Coppiette Secche;1;
Coppiette Suino;1;
Corallina;1;
Coratella Abbacchio;1;
Cordon Bleu Di Pollo E Tacchino ;1;
Cordon Bleu Di Pollo Gastronomia;1;
Cordon Bleu Pollo;1;
Cordon Bleu Pollo ;1;
Cordon Bleu Pollo Con Funghi;1;
Cordon Bleu Suino;1;
Cordon Bleu Tacchino;1;
Cordon Bleu Tacchino Alla Pizzaiola;1;
Coriandolo;1;
Cornetto Con Albicocca;1;
Cornetto Con Cioccolata;1;
Cornetto Integrale;1;
Cornetto Semplice / Vuoto;1;
Corno D'Abruzzo;1;
Corvina;1;
Cosacavaddu Stagionato;1;
Cosce / Fusi  Di Pollo Gastronomia;1;
Cosce / Fusi Di Pollo Campese Gastronomia;1;
Cosce Coniglio;1;
Cosce Quaglia;1;
Coscia / Cosciotto Disossato Pollo;1;
Coscia / Cosciotto Pollo;6.59;
Coscia Anatra;1;
Coscia Cinghiale;1;
Coscia Maialino;1;
Coscia Suino;1;
Coscia Vitello;1;
Coscio Abbacchio;1;
Coscio Agnello;1;
Coscio Pecora;1;
Coscio Tacchino;0.99;
Costardella;1;
Costata Cinghiale;1;
Costata Con Osso Scottona B.A.;1;
Costine / Costolette / Cotolette Agnello;1;
Costine / Costolette Abbacchio;1;
Costine / Costolette Agnello;1;
Costine / Costolette Pecora;1;
Costine / Costolette Vitello;1;
Costine / Puntine / Spuntature Cinghiale;1;
Costine / Puntine / Spuntature Gastronomia;1;
Costine / Puntine / Spuntature Suino;7.6;
Cotechino;1;
Cotechino Suino;1;
Cotenna Suino;1;
Cotoletta Di Merluzzo;1;
Cotoletta Di Pangasio;1;
Cotoletta Di Pesce Spada;1;
Cotoletta Impanata B.A.;1;
Cotoletta Impanata Suino;1;
Cotoletta Integrale Pollo;1;
Cotoletta Pollo;1;
Cotoletta Tacchino;1;
Cotolette Nodini Cinghiale;1;
Cotolette Nodini Impanati Suino;1;
Cotolette Nodini Vitello;1;
Cotolette/Fettine Impanate Pollo Gastronomia;1;
Cotolette/Fettine Impanate Suino Gastronomia;1;
Cotolette/Fettine Impanate Tacchino;1;
Coulommiers;1;
Cous Cous;1;
Cous Cous Bio;1;
Cous Cous Gastronomia;1;
Cozze / Mitili;13.48;
Cozze Alla Marinara;1;
Cozze Cotte Al Naturale;1;
Cozze Cotte Al Pomodoro;1;
Cozze E Vongole;1;
Cozze E Vongole Allo Scoglio;1;
Cozze Gaeta;0.78;
Cozze Gratinate;1;
Cozze Pelose;1;
Cozze Sardegna;0.78;
Cozze Tarantine;0.78;
Crauto / Cavolo Cappuccio Bianco;1;
Crauto / Cavolo Cappuccio Julienne / In Fili;1;
Crauto / Cavolo Cappuccio Rosso;1;
Crauto / Cavolo Cappuccio Viola;1;
Crema Del Piave;1;
Crema Del Tavoliere;1;
Crema Di Maggio;1;
Crema Di Yogurt Greco;1;
Crescenza;1;
Crocchette Di Patate;1;
Croste Di Formaggio Bella Lodi;1;
Croste Di Formaggio Duro;1;
Croste Di Parmigiano Reggiano;1;
Crotto;1;
Crucolo Al Vino;1;
Crucolo Classico;1;
Crucolo Dolce;1;
Crucolo Saporito;1;
Crutin Al Tartufo;1;
Culatello;1;
Culatello Intero;1;
Culatta;1;
Cuor Di Burrata;1;
Cuor Di Fieno;1;
Cuor Di Ricotta;5.97;
Cuor Di Tartufo;1;
Cuor D'Or Di Capra;1;
Cuore A Fette B.A.;1;
Cuore A Fette Vitello;1;
Cuore B.A.;1;
Cuore Di Iceberg In Busta;1;
Cuore Di Lattuga;1;
Cuore Di Monte;1;
Cuore Di Orgosolo;1;
Cuore Di Orgosolo Semistagionato;1;
Cuore Di Porro;1;
Cuore Di Radicchio;1;
Cuore Di Riccia;1;
Cuore Di Scarola;1;
Cuore Di Sedano;1;
Cuore Suino;1;
Cuore Tacchino;1;
Cuore Vitello;1;
Cuori Di Carciofi;1;
Cuori Di Merluzzo;3.43;
Curcuma;1;
Curcuma Bio;1;
Curienello / Coronello;1;
Cusi├¿ In Foglie Di Castagno;1;
Cusi├®;1;
Dakota Pollo;1;
Dakota Suino;1;
Dakota Tacchino;1;
Damtaler;1;
Datteri;1;
Datteri Deglet Nour ;1;
Datteri Deglet Nour Naturali;1;
Datteri Kenta;1;
Datteri Medjoul;1;
Datteri Ramati;1;
Datteri Ravier;1;
Delizia Del Pastore;1;
Demi / Mini Baguette;1;
Dentice;1;
Diaframma B.A.;1;
Diaframma Equino;1;
Dobbiaco;1;
Dolce Capra;1;
Dolce Capriccio;1;
Dolce Di Fattoria;1;
Dolce Di Oschiri;1;
Dolce Fattoria;1;
Dolce Forma;1;
Dolce Macomer;1;
Dolce Stella;1;
Dolcecassia;1;
Dolceraggio;1;
Dolcesardo;1;
Dolceselva;1;
Dolcezza Di Asiago;1;
Dolcino Di Capra;1;
Durelli / Ventrigli Pollo;1;
Durelli / Ventrigli Tacchino;1;
Edamer;1;
Emmental Gran Pavois;2.78;
Emmenthal Bavarese;2.78;
Emmenthal Francese;2.78;
Emmenthaler Svizzero;2.78;
Entrecote Argentina B.A.;1;
Entrecote B.A.;1;
Entrecote Black Angus B.A.;1;
Entrecote Chianina B.A.;1;
Entrecote Danese B.A.;1;
Entrecote Irlandese B.A.;1;
Entrecote Piemontese B.A;1;
Entrecote Scottona B.A. ;1;
Entremont;1;
Epoisses;1;
Erba Cipollina;1;
Erba Cipollina Bio;1;
Erborinato;1;
Fagioli Bianchi Bio;1;
Fagioli Borlotti;1;
Fagioli Borlotti Bio;1;
Fagioli Cannellini;1;
Fagioli Cannellini Bio;1;
Fagioli Corallo / Spadoni / Piattoni;1;
Fagioli Corona;1;
Fagioli Neri;1;
Fagioli Neri Bio;1;
Fagioli Occhio;1;
Fagioli Stregoni Piemontesi;1;
Fagiolini Boby;1;
Fagiolini Boby Bio;1;
Fagiolini Boby Spuntati;1;
Fagiolini Grisotti;1;
Fagottini Al Prosciutto;1;
Fagottini Pollo;1;
Faraona In Parti / A Pezzi;1;
Faraona Intera / Busto;1;
Faraona Ripiena;1;
Farro;1;
Farro Bio;1;
Farro Perlato;1;
Farro Perlato Bio;1;
Farro Spezzato;1;
Fasolari;1;
Fave Fresche;1;
Fave Secche;1;
Fave Secche Sgusciate;1;
Fave Secche Sgusciate Bio;1;
Favette Condite;1;
Fegatelli Di Cinghiale;1;
Fegatelli Di Suino;1;
Fegatini Di Pollo;1;
Fegatini E Cuore Coniglio;1;
Fegatini E Cuore Pollo;1;
Fegato A Fette B.A.;1;
Fegato B.A.;1;
Fegato Cinghiale;1;
Fegato Coniglio;1;
Fegato Suino;1;
Fegato Tacchino;1;
Fegato Vitello;1;
Fesa / Petto Di Tacchino Al Miele (Salume);2.2;
Fesa / Petto Di Tacchino Arrosto (Salume);2.2;
Fesa / Petto Di Tacchino Gastronomia;1;
Fesa / Petto/Prosciutto Di Tacchino (Salume);2.2;
Fesa / Sceltissima Tranci Vitello;1;
Fesa A Fette Impanate Tacchino;1;
Fesa A Fette Impanate Vitello;1;
Fesa A Fette Tacchino;4.94;
Fesa A Fette Vitello;0.15;
Fesa A Tranci Tacchino;0.1;
Fesa Di Manzo Affumicata;1;
Feta Greca;1;
Fette / Fettine Puledro;1;
Fette / Fettine Scelte Spalla Equino;1;
Fette / Fettine Scelte Spalla Puledro;1;
Fette / Fettine Sceltissime Coscia Equino;1;
Fette / Fettine Sottili / Fine Equino;1;
Fette Per Roll├¿ B.A.;1;
Fettine Coscia / Sceltissime Black Angus B.A.;1;
Fettine Coscia / Sceltissime Chianina B.A.;1;
Fettine Coscia / Sceltissime Danese B.A.;1;
Fettine Coscia / Sceltissime Piemontese B.A.;0.14;
Fettine Coscia Cinghiale;1;
Fettine Coscia Suino;1;
Fettine Di Armone B.A.;1.22;
Fettine Di Coniglio;1;
Fettine Di Controgirello B.A.;0.14;
Fettine Di Girello B.A.;0.14;
Fettine Di Girello Cinghiale;1;
Fettine Di Girello Danese B.A.;1;
Fettine Di Girello Piemontese B.A.;0.14;
Fettine Di Girello Scottona B.A.;1;
Fettine Di Girello Suino;1;
Fettine Di Kobe B.A.;1;
Fettine Di Noce B.A.;0.14;
Fettine Di Noce Equino;1;
Fettine Di Pezza / Scamone B.A.;0.14;
Fettine Di Pezza / Scamone Irlandese B.A.;1;
Fettine Di Pezza / Scamone Piemontese B.A;1;
Fettine Di Pezza / Scamone Scottona B.A.;1;
Fettine Di Pezza / Scamone Vitello;0.2;
Fettine Di Rosa B.A.;0.14;
Fettine Di Rosa Vitello;0.2;
Fettine Lacerto B.A.;1.22;
Fettine Lombo / Roast Beef Equino;1;
Fettine Lombo / Roast Beef Vitello;0.2;
Fettine Lombo / Roast-Beef Argentina B.A.;1;
Fettine Lombo / Roast-Beef Australia B.A.;1;
Fettine Lombo / Roast-Beef B.A.;1;
Fettine Lombo / Roast-Beef Canadese B.A.;1;
Fettine Lombo / Roast-Beef Irlandese B.A.;1;
Fettine Lombo / Roast-Beef Piemontese B.A.;1;
Fettine Lombo / Roast-Beef Scottona B.A.;1;
Fettine Pizzaiola B.A.;1.22;
Fettine Scelte / Spalla B.A.;1.22;
Fettine Scelte / Spalla Vitello;0.15;
Fettine Scelte Scottona B.A.;1;
Fettine Sceltissime / Coscia B.A.;0.14;
Fettine Sceltissime / Coscia Vitello;0.2;
Fettine Sceltissime Scottona B.A.;1;
Fettine Sottili / Fine B.A.;1.22;
Fettine Sottili / Fine Scottona B.A.;1;
Fettine Sottili / Fine Vitello;0.2;
Fettine Sottili Cinghiale;1;
Fettine Sottili Suino;1;
Fettine Sottilissime / Finissime B.A.;0.14;
Fettine Sottilissime / Finissime Scottona B.A;1;
Fettine Spalla / Scelte Piemontese B.A.;1.22;
Fettine Spalla Cinghiale;1;
Fettine Spalla Scottona B.A.;1;
Fettine Spalla Sorana B.A.;1;
Fettine Spalla Suino;1;
Fiandra Straecca Equino;1;
Fichi d'India;1;
Fichi d'India Bio;1;
Fichi Neri;1;
Fichi Secchi;1;
Fichi Secchi Bianchi;1;
Fichi Secchi Bio;1;
Fichi Secchi Corona;1;
Fichi Secchi Crocette;1;
Fichi Secchi Fioroni Giganti;1;
Fichi Secchi Jetta;1;
Fichi Secchi Mandorlati;1;
Fichi Verdi;1;
Fichi Viola;1;
Filamella Affumicata;1;
Filamella Bianca;1;
Filetti Di Sgombro Grigliati Take Away;1;
Filetti Di Sgombro Marinati;1;
Filetto A Fette B.A.;1;
Filetto A Fette Cinghiale;1;
Filetto A Fette Suino;1;
Filetto A Tranci B.A.;1;
Filetto B.A.;1;
Filetto Coniglio;1;
Filetto Danese B.A.;1;
Filetto Di Acciuga / Alice;4.66;
Filetto Di Acciuga / Alice Marinata;1;
Filetto Di Alalunga;1;
Filetto Di Aringa;1;
Filetto Di Aringa Marinata;1;
Filetto Di Aringa Sott'Olio;1;
Filetto Di Baccal├á Ammollato;1;
Filetto Di Baccal├á Impanato;1;
Filetto Di Baccal├á Salato;1;
Filetto Di Cernia Atlantica;1;
Filetto Di Dentice;1;
Filetto Di Fragolino / Pagello;1;
Filetto Di Gallinella;1;
Filetto Di Merluzzo Carbonaro / Nero;3.43;
Filetto Di Merluzzo Nordico;3.43;
Filetto Di Nasello / Merluzzo;3.43;
Filetto Di Ombrina;1;
Filetto Di Orata;8.77;
Filetto Di Pagro;1;
Filetto Di Pangasio;1;
Filetto Di Persico Africano;1;
Filetto Di Pesce Spada;3.02;
Filetto Di Pesce Spada Affumicato;1;
Filetto Di Platessa;1.16;
Filetto Di Platessa Impanata;1;
Filetto Di Rombo Chiodato;0.6;
Filetto Di Rombo Ocellato Atlantico;0.6;
Filetto Di Rombolino;0.6;
Filetto Di Salmone;7.38;
Filetto Di Salmone Impanato;1;
Filetto Di Sardina;4.91;
Filetto Di Sardina Marinata;1;
Filetto Di Sciabola;1;
Filetto Di Scorfano;1;
Filetto Di Sgombro;3.82;
Filetto Di Sogliola;1;
Filetto Di Spatola;1;
Filetto Di Spatola Impanato;1;
Filetto Di Spigola / Branzino;7.1;
Filetto Di Stoccafisso Ammollato;1;
Filetto Di Stoccafisso Salato;1;
Filetto Di Storione;1;
Filetto Di Tonno;1.54;
Filetto Di Tonno A Pinne Gialle;1.54;
Filetto Di Tonno Alletterato;1;
Filetto Di Tonno Sott'Olio;1;
Filetto Di Triglia;1;
Filetto Di Trota Impanata;1;
Filetto Di Trota Iridea Salmonata;3.93;
Filetto Di Trota Salmonata Gastronomia;1;
Filetto Equino;1;
Filetto Impanato Pollo;1;
Filetto Intero Cinghiale;1;
Filetto Intero Farcito Suino;1;
Filetto Intero Suino;1;
Filetto Piemontese B.A.;1;
Filetto Pollo;11.34;
Filetto Quaglia;1;
Filetto Scottona B.A.;1;
Filetto Struzzo;1;
Filetto Tacchino;1;
Filetto Vitello;1;
Filone A Lievitazione Naturale;1;
Filone Affumicato;1;
Filone Ai Cereali;1;
Filone Al Carbone;1;
Filone Al Grano Saraceno;1;
Filone Casereccio;1;
Filone Casereccio Di Genzano;1;
Filone Con Noci;1;
Filone Cotto A Legna;1;
Filone Di Grano Tenero;1;
Filone Di Lariano;1;
Filone Di Segale;1;
Filone Di Semola;1;
Filone Di Sesamo;1;
Filone Di Tumminia;1;
Filone Grano Duro;1;
Filone Integrale;1;
Filone Napoletano;1;
Filone Rimacinato;1;
Filone Romano;1;
Filone Sciapo;1;
Filone Siciliano;1;
Filone Terni;1;
Filone Tirolese;1;
Filzetta  / Salame Lungo;1;
Filzetta  / Salame Lungo Al Barolo;1;
Filzetta  / Salame Lungo Gattinara;1;
Finger Lime / Limone Caviale;1;
Finocchi;3.95;Sfuso
Finocchi Bio;1;
Finocchi Cotti;1;
Finocchi Julienne / In Fili;1;
Finocchietto Selvatico;1;
Fiocco Di Langa;1;
Fiocco Di Neve;1;
Fior Di Bacco;1;
Fior Di Capra;1;
Fior Di Castro;1;
Fior Di Garofalo;1;
Fior Di Grano;1;
Fior Di Latte / Mozzarella Di Capra;1;
Fior Di Latte / Mozzarella Vaccina;1;
Fior Di Latte / Mozzarella Vaccina Ciliegine;1;
Fior Di Latte / Mozzarella Vaccina Nodino;1;
Fior Di Latte / Mozzarella Vaccina Ripiena;1;
Fior Di Latte / Mozzarella Vaccina Treccia;1;
Fior Di Latte / Mozzarella Vaccina x3;1;
Fior Di Maso;1;
Fior Di Monte;1;
Fior Di Noce;1;
Fiordilatte / Ovolo;1;
Fiore Del Petrano;1;
Fiore Sardo;1;
Fiorentina B.A.;1;
Fiorentina Chianina B.A.;1;
Fiorentina Danese B.A.;1;
Fiorentina Scottona B.A.;1;
Fiori Di Zucca;1;
Fiori Di Zucca Fritti;1;
Fioroni Di Capra;1;
Florette;1;
Focaccia Al Pomodoro;1;
Focaccia Condita;1;
Focaccia Tradizionale / Bianca;1;
Fontal Crosta Rossa / Estero;1;
Fontal Nazionale;1;
Fontina;1;
Formage De Bellelay;1;
Formages De Ch├¿vres;1;
Formaggella Affumicata;1;
Formaggella Bergamasca;1;
Formaggella Bronzone;1;
Formaggella Caprina;1;
Formaggella Del Belo;1;
Formaggella Del Luinese;1;
Formaggella Di Capra Tre Signori;1;
Formaggella Di Montagna;1;
Formaggella Dora;1;
Formaggella Montana;1;
Formaggella Tremosine;1;
Formaggella Val Di Scalve;1;
Formaggella Valcavallina;1;
Formaggio Al Vino;1;
Formaggio Alpeggio;1;
Formaggio Armonia;1;
Formaggio Bella Lodi;1;
Formaggio Bella Lodi Grattuggiato;1;
Formaggio Bella Valle;1;
Formaggio Bianco Da Tavola;1;
Formaggio Blu;1;
Formaggio Bormino;1;
Formaggio Castel San Pietro;1;
Formaggio Castelgrotta;1;
Formaggio Castelrosso;1;
Formaggio Classico Stagionato;1;
Formaggio Cortina;1;
Formaggio Di Capra;1;
Formaggio Di Capra Gavina;1;
Formaggio Di Capra Kabri;1;
Formaggio Di Capra Rocca Ruja;1;
Formaggio Di Capra Semistagionato;1;
Formaggio Di Capra Stagionato;1;
Formaggio Dolcificato;1;
Formaggio Dolcificato Con Mascarpone;1;
Formaggio Due Volte;1;
Formaggio Duetto;1;
Formaggio Duro;1;
Formaggio Fuso Al Salmone;1;
Formaggio Grana;1;
Formaggio Grattuggiato;1;
Formaggio La Tur;1;
Formaggio L'Originale;1;
Formaggio Mandarino;1;
Formaggio Mandarino Affumicato;1;
Formaggio Mandarino Stravecchio;1;
Formaggio Matusa;1;
Formaggio Misto Bilbante;1;
Formaggio Misto Campagnolo;1;
Formaggio Misto Colfiorito;1;
Formaggio Misto Dolce Tufo;1;
Formaggio Misto Morbidello;1;
Formaggio Misto Principe Di Barbagia;1;
Formaggio Misto Re Del Gennargentu;1;
Formaggio Misto Su Fureddu;1;
Formaggio Misto Tamara;1;
Formaggio Molle;1;
Formaggio Monrupino;1;
Formaggio Montecapra;1;
Formaggio Neve Del Grappa;1;
Formaggio Neveg├ál;1;
Formaggio Nocerino;1;
Formaggio Nostrano;1;
Formaggio Nostrano Di Casazza;1;
Formaggio Pannerone;1;
Formaggio Pratomagno;1;
Formaggio Pratomagno Vecchio;1;
Formaggio Rigato Semistagionato;1;
Formaggio Rigato Stagionato;1;
Formaggio Rosso Di Langa;1;
Formaggio Sant'Andrea;1;
Formaggio Sauris;1;
Formaggio Scoparolo / Scoperino;1;
Formaggio Semiduro;1;
Formaggio Tabor Fresco;1;
Formaggio Tosella;1;
Formaggio Valdostano;1;
Formai De Mut;1;
Fourme D'Ambert;1;
Fragole;1;
Fragole Bio;1;
Fragole Camarosa;1;
Fragole Candonga;1;
Fragole Favetta;1;
Fragole Sabrina;1;
Fragoline Di Bosco;1;
Fragolino / Pagello;1;
Francesine Pollo;6.59;
Francesino;1;
Frattaglie Coniglio;1;
Fregola Allo Scoglio;1;
Friarielli;1;
Friggitelli;1;
Frittata;1;
Frittura Di Pesce;1;
Frittura Mista;1;
Fruste Di Pane;1;
Fruste Di Segale;1;
Fruste Integrali;1;
Frutta Secca Mista In Guscio;1;
Frutta Secca Mista Sgusciata;1;
Frutti Di Bosco / Misto Bosco;1;
Frutti Rossi Mix;1;
Frutto Della Passione;1;
Frutto Di Cappero;1;
Funghi Cardoncelli;1;
Funghi Cardoncelli / Antunna Conditi;1;
Funghi Champignon / Prataioli Interi;1;
Funghi Champignon / Prataioli Tagliati;1;
Funghi Champignon Fioroni;1;
Funghi Champignon Ripieni;1;
Funghi Cornucopie;1;
Funghi Cremini;1;
Funghi Ferula;1;
Funghi Galletti / Finferli;1;
Funghi Misti;1;
Funghi Misti Alla Pizzaiola Gastronomia;1;
Funghi Misti Fantasia;1;
Funghi Misti Secchi;1;
Funghi Misti Tagliati;1;
Funghi Misti Trifolati Gastronomia;1;
Funghi Orcelle;1;
Funghi Pioppini;1;
Funghi Pleurotus;1;
Funghi Pleurotus Erygii;1;
Funghi Pleurotus Tagliati;1;
Funghi Porcini;1;
Funghi Porcini Secchi;1;
Funghi Portobello;1;
Funghi Sott'Olio Alla Contadina Gastronomia;1;
Funghi Sott'Olio Gastronomia;1;
Fusi Farciti Pollo;1;
Fusi Pollo;5.66;
Fusi Tacchino;0.99;
Fuso Con Noci;1;
Galbanone;1;
Galletto Allo Spiedo;1;
Galletto In Parti / A Pezzi;1;
Galletto Intero / Busto;1;
Galletto Intero / Busto Alla Diavola;1;
Gallina In Parti / A Pezzi;1;
Gallina Intera / Busto;1;
Gallinella / Cappone;1;
Gallo In Parti / A Pezzi;1;
Gallo In Parti / A Pezzi Ruspante;1;
Gallo Intero / Busto;1;
Gallo Intero / Busto Ruspante;1;
Gamberetti Impanati;1;
Gamberetti Impanati;1;
Gamberetti In Salamoia;1;
Gamberetti In Salsa Cocktail / Rosa;1;
Gambero / Gamberetto Rosa / Bianco;1;
Gambero / Gamberetto Rosa / Bianco Sgusciato;1;
Gambero / Gamberone Argentino;2.78;
Gambero / Gamberone Rosso;1;
Gambero / Gamberone Rosso Sgusciato;1;
Gambero / Gamberone Viola;1;
Gattuccio;1;
Gattuccio In Agliata;1;
Gelatina;1;
Germogli Di Soia;1;
Ghiozzo;1;
Giglio Sardo;1;
Gigliola;1;
Girello A Fette Vitello;0.2;
Girello A Tranci Vitello;1;
Girello Intero B.A.;1;
Girello Intero Vitello;1;
Giuggiole;1;
Giuncata;1;
Giuncata Con Rucola;1;
Gnocchi Di Patate Gastronomia;1;
Gomasio;1;
Gorgonzola Con Noci;4.05;
Gorgonzola Di Capra;1;
Gorgonzola Dolce;4.05;
Gorgonzola Dolce Al Cucchiaio;4.05;
Gorgonzola Dolce Marika;4.05;
Gorgonzola Dolcelatte;4.05;
Gorgonzola E Mascarpone;1;
Gorgonzola Malghese;4.05;
Gorgonzola Pannaverde;4.05;
Gorgonzola Piccante;4.05;
Gouda;1;
Gran Biraghi;1;
Gran Biraghi A Dadini / Bocconcini;1;
Gran Cacio Etrusco;1;
Gran Campidano;1;
Gran Camuno;1;
Gran Capra;1;
Gran Classico;1;
Gran Cornuto;1;
Gran Italo;1;
Gran Kinara;1;
Gran Pascolo;1;
Gran Riserva;1;
Gran Riserva Al Pepe;1;
Gran Sardo;1;
Grana Padano;15.38;
Grana Padano A Dadini / Bocconcini;1;
Grana Padano Grattugiato;1;
Grana Padano In Scaglie;1;
Granchio / Granciporro;1;
Granchio / Granseola;1;
Granchio / Moleche;1;
Grand Terroir;1;
Granmoravia;1;
Grano Saraceno;1;
Grano Saraceno  Bio;1;
Granpecorino;5.41;
Grassina Val D'Angolo;1;
Graukase;1;
Greviera Di Ozieri;1;
Grigliata Pollo;1;
Grigliata Suino;1;
Grigliata Tacchino;1;
Grongo;1;
Groppone Pollo;1;
Grottone;1;
Gruy├®re / Gruviera;1;
Guance Di Rospo / Rana Pescatrice;1;
Guanciale;1;
Guanciale Affumicato;1;
Guanciale Amatriciano;1;
Guanciale Di Norcia;1;
Guanciale Di Suino Nero Di Parma;1;
Guanciale Piccante;1;
Hamburger / Medaglioni Equino ;1;
Hamburger B.A.;1;
Hamburger Black Angus B.A.;1;
Hamburger Bovino Gastronomia;1;
Hamburger Chianina B.A.;1;
Hamburger Cinghiale;1;
Hamburger Conditi Vitello ;1;
Hamburger Condito B.A. ;1;
Hamburger Condito Misto (B.A. E Suino);1;
Hamburger Condito Pollo ;1;
Hamburger Condito Scottona B.A.;1;
Hamburger Condito Suino;1;
Hamburger Condito Tacchino ;1;
Hamburger Coniglio;1;
Hamburger Danese B.A.;1;
Hamburger Di Baccal├á;1;
Hamburger Di Merluzzo;1;
Hamburger Di Pesce Spada;1;
Hamburger Di Salmone;1;
Hamburger Di Trota;1;
Hamburger Impanato Pollo ;1;
Hamburger Mini B.A.;1;
Hamburger Mini Chianina B.A.;1;
Hamburger Mini Vitello ;1;
Hamburger Misto (B.A. E Suino) ;1;
Hamburger Misto (Pollo E Tacchino) ;1;
Hamburger Misto (Tacchino E Suino) ;1;
Hamburger Misto Black Angus E Kobe B. A.;1;
Hamburger Piemontese B.A. ;1;
Hamburger Pollo;1;
Hamburger Scottona B.A.;1;
Hamburger Suino;1;
Hamburger Suino Gastronomia;1;
Hamburger Tacchino;1;
Hamburger Vitello;1;
Il Barone Nero;1;
Il Bucaneve;1;
Il Cacino Di Pura Pecora;1;
Il Cacino Rosso Di Pura Pecora;1;
Il Capraro;1;
Il Casaro;1;
Il Formazza;1;
Il Saggio;1;
Il Sarracino;1;
Il Vecchio Di Fonni;1;
Il Vicer├¿;1;
Il Vicer├¿ Al Peperoncino;1;
Il Vicer├¿ Allo Zafferano;1;
Impasto Per Pane;1;
Impasto Salsiccia;1;
Imperatore Delle Dolomiti;1;
Indivia Belga / Cicoria Witloof;1;
Innominato;1;
Insalata Acetosetta;1;
Insalata Arcobaleno;1;
Insalata Armonia In Busta;1;
Insalata Aromatica;1;
Insalata Capricciosa;1;
Insalata Capricciosa;1;
Insalata Catalana;1;
Insalata Cicoria;1;
Insalata Del Giorno;1;
Insalata Di Baccal├á;1;
Insalata Di Crauti;1;
Insalata Di Farro;1;
Insalata Di Grano Saraceno E Riso Venere;1;
Insalata Di Mare;1;
Insalata Di Mare Con Verdure;1;
Insalata Di Mazzancolle;1;
Insalata Di Nervetti;1;
Insalata Di Orzo;1;
Insalata Di Pollo;1;
Insalata Di Polpo;1;
Insalata Di Quinoa;1;
Insalata Di Riso;1;
Insalata Di Riso Venere / Nero;1;
Insalata Di Seppie;1;
Insalata Di Tonno;1;
Insalata Di Verza;1;
Insalata Duetto;1;
Insalata Esotica Mare;1;
Insalata Fantasia;1;
Insalata Fantasia Mare;1;
Insalata Germogli E Bietola;1;
Insalata Germogli Misti;1;
Insalata Gioiosa;1;
Insalata Girasole;1;
Insalata Golosa;1;
Insalata Gran Bis Lattughino E Lattuga;1;
Insalata Gran Bis Rucola E Songino;1;
Insalata Gran Mix Gustoso;1;
Insalata Gran Mix In Busta;1;
Insalata Greca;1;
Insalata Gustosa Di Mare;1;
Insalata Iceberg E Carote E Finocchi In Busta;1;
Insalata Iceberg E Carote In Busta;1;
Insalata Iceberg E Radicchio In Busta;1;
Insalata Iceberg E Rucola In Busta;1;
Insalata Iceberg In Busta;1;
Insalata Iceberg In Busta Bio;1;
Insalata Indivia / Lattuga Riccia;1;
Insalata Indivia / Lattuga Scarola;1;
Insalata Kale;1;
Insalata Lattuga Canasta;1;
Insalata Lattuga Con Peperoni E Radicchio;1;
Insalata Lattuga Foglia Di Quercia;1;
Insalata Lattuga Gentile / Lollo;1;
Insalata Lattuga Gentile / Lollo Rossa;1;
Insalata Lattuga Iceberg / Brasiliana;1;
Insalata Lattuga Riccia In Busta;1;
Insalata Lattuga Romana;1;
Insalata Lattuga Salanova;1;
Insalata Lattuga Trocadero / Cappuccina;1;
Insalata Lattuga Trocadero E Radicchio;1;
Insalata Lattughino / Insalatina E Radicchio;1;
Insalata Lattughino / Insalatina In Busta;1;
Insalata Lattughino Bio;1;
Insalata Lattughino Biondo / Rosso;1;
Insalata Little Gem;1;
Insalata Mediterranea;1;
Insalata Mille Foglie;1;
Insalata Mille Gusti;1;
Insalata Mini Mix;1;
Insalata Mista;1;
Insalata Mista Ananas E Finocchio;1;
Insalata Mista Aurora;1;
Insalata Mista Bio;1;
Insalata Mista Briosa;1;
Insalata Mista Bulgur E Quinoa;1;
Insalata Mista Con Carote;1;
Insalata Mista Con Germogli Di Soia;1;
Insalata Mista Delicata;1;
Insalata Mista Deliziosa;1;
Insalata Mista Festosa;1;
Insalata Mista Grana E Olive;1;
Insalata Mista Melograno E Mix Semi;1;
Insalata Mista Mirtilli E Bacche Di Goji;1;
Insalata Mista Pugliese;1;
Insalata Mista Ricca;1;
Insalata Mista Saporita;1;
Insalata Mista Sarda;1;
Insalata Mista Serena;1;
Insalata Mista Serena Bio;1;
Insalata Mista Siciliana;1;
Insalata Mista Social Salad;1;
Insalata Mista Trentina;1;
Insalata Mista Tricolore;1;
Insalata Mista Trio Freschezza;1;
Insalata Mista Vivace;1;
Insalata Mix Allegro;1;
Insalata Mix Croccante;1;
Insalata Mix Gentile In Busta;1;
Insalata Mix Lattugoso;1;
Insalata Mix Prezioso;1;
Insalata Nori;1;
Insalata Novella;1;
Insalata Orientale;1;
Insalata Pan Di Zucchero / Radicchio Milano;1;
Insalata Pan Di Zucchero In Busta;1;
Insalata Per Pesce;1;
Insalata Poker;1;
Insalata Poker 4 Gusti;1;
Insalata Poker Bio;1;
Insalata Poker Con Rucola E Carote;1;
Insalata Primavera;1;
Insalata Primizie;1;
Insalata Rucola E Songino;1;
Insalata Russa;1;
Insalata Rustica;1;
Insalata Sfiziosa;1;
Insalata Sfiziosa Di Mare;1;
Insalata Sicula;1;
Insalata Sinfonia Allegra;1;
Insalata Sinfonia Classica;1;
Insalata Sinfonia Floreale;1;
Insalata Sinfonia Julienne;1;
Insalata Sinfonia Vivace;1;
Insalata Songino / Valeriana In Busta;1;
Insalata Songiono / Valeriana E Rucola;1;
Insalata Speziata;1;
Insalata Tenero Mix;1;
Insalata Tonno Mais E Olive Nere;1;
Insalata Viennese;1;
Insalatina A Cassa;1;
Insalatina In Busta;1;
Insalatina In Busta Bio;1;
Insalatissima;1;
Insalatona Caprese;1;
Insalatona Pollo E Olive;1;
Insalatona Provolone E Prosciutto;1;
Insalatona Tonno E Mais;1;
Insaporitore Erbe Provenzale Bio;1;
Insaporitore Grigliate Bio;1;
Interiora / Frattaglie Agnello;1;
Interiora / Frattaglie Pollo;1;
Invernizzina;1;
Involtini B.A.;1;
Involtini Cinghiale;1;
Involtini Di Melanzane;1;
Involtini Di Pollo Gastronomia;1;
Involtini Pollo;1;
Involtini Suino;1;
Involtini Tonnati;1;
Involtini Trippa B. A.;1;
Italico Teodolinda;1;
Jambleu Tacchino;1;
Juncu Sardo;1;
Kaiser;1;
Kamut;1;
Kamut Bio;1;
Kaprone;1;
Kebab Pollo;1;
Kebab Tacchino;1;
Kenza;1;
Kerbos;1;
Kiwano;1;
Kiwi Berry / Nergi;1;
Kiwi Giallo Gold;0.02;Cestino / Vassoio o Busta / Sottovuoto / Skin
Kiwi Hayward;0.02;Cestino / Vassoio o Busta / Sottovuoto / Skin
Kiwi Hayward Bio;1;
Kiwi Hayward Disidratato;1;
Kornspitz;1;
Kumquat / Mandarini Cinesi;1;
La Boscatella Del Trentino;1;
La Caprona;1;
La Cremosa Di Capra;1;
La Giostra;1;
La Montanara;1;
La Prima;1;
L'Alveare;1;
Lampascioni;1;
Lampascioni Sott'Olio;1;
Lampascioni Sott'Olio;1;
Lamponi;1;
Lamponi Bio;1;
Lamponi Disidratati;1;
Lampuga /Capone;1;
Langres;1;
Lardo Alle Erbe;1;
Lardo Arrotolato;1;
Lardo Di Arnad;1;
Lardo Di Colonnata;1;
Lardo Pancettato;1;
Lardo Pepato;1;
Lariano;1;
Lasagne Al Forno;1;
Lattarini Marinati;1;
Latteria Bassanese;1;
Latteria Cremoso;1;
Latteria Del Diavolo;1;
Latteria Delebio;1;
Latteria Dolce;1;
Latteria Fresca;1;
Latteria Livigno;1;
Latteria Mareno;1;
Latterini;1;
Lavarello / Coregone;1;
Le Delice Des Cremiers Mini;1;
Leccia Stella;1;
Leerdammer;1.94;
Leerdammer Fondente;1.94;
Legumi E Cereali;1;
Legumi E Orzo;1;
Lenticche Di Montagna Bio;1;
Lenticche Rosse Bio;1;
Lenticche Verdi Bio;1;
Lenticchie;1;
Lenticchie Di Castelluccio Di Norcia;1;
Lenticchie Nere;1;
Lenticchie Nere Bio;1;
Lenticchie Rosse;1;
Lenticchie Verdi;1;
Lessino Di Capra;1;
Lime;1;
Lime Bio;1;
Limone Verdello;1;
Limoni;0.01;Cestino / Vassoio o Busta / Sottovuoto / Skin
Limoni Amalfi IGP;0.01;Cestino / Vassoio o Busta / Sottovuoto / Skin
Limoni Bio;1;
Limoni Foglia;0.01;Cestino / Vassoio o Busta / Sottovuoto / Skin
Limoni Primo Fiore;0.01;Cestino / Vassoio o Busta / Sottovuoto / Skin
Linea Osella;1;
Lingotti;1;
Lingotti Conditi;1;
Lingua B.A.;1;
Lingua Di Pizza Al Pomodoro;1;
Lingua Di Pizza Margherita;1;
Lingua Salmistrata;1;
Lingua Suino;1;
Lingua Vitello;1;
Lingue Di Pane;1;
Litchi;1;
Livarot;1;
Lombatine B.A.;1;
Lombatine Cinghiale;1;
Lombatine Coniglio;1;
Lombatine Suino;7.43;
Lonza / Arista A Fette Cinghiale;1;
Lonza / Arista A Fette Suino;4.06;
Lonza / Arista A Tranci Cinghiale;1;
Lonza / Arista A Tranci Suino;4.06;
Lonza / Arista Al Forno Gastronomia;1;
Lonza / Arista Impanata Suino;1;
Lonzino;1;
Losa;1;
Loti / Kaki Maturi;1;
Loti / Kaki Maturi 4 frutti;1;
Loti / Kaki Maturi 6 frutti;1;
Loti / Kaki Maturi Bio;1;
Loti / Kaki Mela-Persimon;1;
Loti / Kaki Mela-Persimon Bio;1;
Loti / Kaki Vaniglia;1;
Loti / Kaki Vaniglia 4 frutti;1;
Loti / Kaki Vaniglia Bio;1;
Lou Blau;1;
Lou Sande;1;
Lucifero Al Pepe Nero;1;
Lucifero Al Peperoncino;1;
Lumache Di Mare;1;
Lunatico;1;
Lupini;1;
Lupini Salati;1;
Lupini Sgusciato;1;
Maasdam;1;
Macedonia;1;
Macedonia Essiccata;1;
Macinato / Trita B.A.;5.45;
Macinato Anatra;1;
Macinato Black Angus B.A.;1;
Macinato Chianina B.A.;1;
Macinato Cinghiale;1;
Macinato Coniglio ;1;
Macinato Danese B.A.;1;
Macinato Equino;1;
Macinato Misto Suino E Bovino;1;
Macinato Misto Suino E Tacchino;1;
Macinato Piemontese B.A.;5.45;
Macinato Pollo;1;
Macinato Sceltissimo B.A.;5.45;
Macinato Sceltissimo Vitello;0.08;
Macinato Scelto B.A.;5.45;
Macinato Scelto Equino;1;
Macinato Scelto Suino;1;
Macinato Scelto Vitello;0.08;
Macinato Scottona B.A.;1;
Macinato Suino;1;
Macinato Tacchino;1;
Macinato Vitello;0.08;
Madrigal;1;
Magatello B.A.;1;
Magatello Vitello;1;
Maggiorana;1;
Magna Capra;1;
Magnuca;1;
Maialino Porchettato;1;
Mais Pop Corn;1;
Mais PopCorn Bio;1;
Mais Tostato;1;
Malga Alto Adige;1;
Malga Gardena;1;
Malga Tofino;1;
Malghetta Di Capra;1;
Malloreddus Alla Campidanese;1;
Manchego Gran Maestre;1;
Mandarini;1;
Mandarini Bio;1;
Mandarini Essicati;1;
Mandarini Tardivi;1;
Mandorle Affettate / A lamelle;1;
Mandorle Cocktail;1;
Mandorle Granella;1;
Mandorle In Guscio;1;
Mandorle In Guscio Bio;1;
Mandorle In Guscio Tostate e Salate;1;
Mandorle Pelate;1;
Mandorle Pelate Bio;1;
Mandorle Pelate Tostate E Salate;1;
Mandorle Salate;1;
Mandorle Sgusciate;1;
Mandorle Sgusciate Bio;1;
Mandorle Tostate;1;
Mango;1;
Mango Alphonso;1;
Mango Bio;1;
Mango Disidratato;1;
Mango Tagliato;1;
Mango Via Aerea;1;
Mangustin;1;
Manioca / Cassava;1;
Manouri;1;
Mantovana;1;
Mantuanella;1;
Mapo;1;
Marmora / Mormora;1;
Marroni;1;
Marzolino Brigantesco;1;
Marzolino Chianti Delle Colline Pisane;1;
Mascella B. A.;1;
Masdammer;1;
Mazzancolle / Gambero Bianco;1;
Mazzancolle In Salsa Saor;1;
Mazzancolle Tropicali Grandi;2.59;
Mazzancolle Tropicali Medie;2.59;
Mazzancolle Tropicali Precotte Grandi;2.59;
Mazzancolle Tropicali Precotte Medie;2.59;
Mel├╣;1;
Melanzane Bianche;0.04;Cestino / Vassoio o Busta / Sottovuoto / Skin
Melanzane Gratinate;1;
Melanzane Grigliate;1;
Melanzane Nere Lunghe;0.04;Cestino / Vassoio o Busta / Sottovuoto / Skin
Melanzane Nere Tonde / Globose;0.04;Cestino / Vassoio o Busta / Sottovuoto / Skin
Melanzane Nere Tonde Bio;1;
Melanzane Perline;0.04;Cestino / Vassoio o Busta / Sottovuoto / Skin
Melanzane Ripiene;1;
Melanzane Sott'Olio;1;
Melanzane Viola;0.04;Cestino / Vassoio o Busta / Sottovuoto / Skin
Melanzane Viola Mini;0.04;Cestino / Vassoio o Busta / Sottovuoto / Skin
Melanzane Viola Striate;0.04;Cestino / Vassoio o Busta / Sottovuoto / Skin
Mele Ambrosia;12.83;Sfuso
Mele Annurche;12.83;Sfuso
Mele Annurche IGP;12.83;Sfuso
Mele Cola / Gelato;1;
Mele Cotogne;12.83;Sfuso
Mele Fuji;12.83;Sfuso
Mele Fuji Bio;1;
Mele Golden;12.83;Sfuso
Mele Golden Bio;1;
Mele Golden Ros├¿;1;
Mele Granny Smith;12.83;Sfuso
Mele Granny Smith Bio;1;
Mele Jazz;1;
Mele Jonagold;1;
Mele Kanzi;1;
Mele Modi;12.83;Sfuso
Mele Modi Bio;1;
Mele Morgenduft / Imperatore;12.83;Sfuso
Mele Pink Lady;12.83;Sfuso
Mele Pinova;12.83;Sfuso
Mele Pinova Bio;1;
Mele Renette;12.83;Sfuso
Mele Roho Evelina;1;
Mele Royal Gala;12.83;Sfuso
Mele Royal Gala Bio;1;
Mele Ruggine;1;
Mele Stark / Red Delicious;12.83;Sfuso
Mele Stark / Red Delicious Bio;1;
Mele Stayman;1;
Mele Zitella;1;
Melograno;1;
Melograno Bio;1;
Melone Charentais;7.34;Sfuso
Melone Di Cantalupe;1;
Melone Disidratato;1;
Melone Francesino;7.34;Sfuso
Melone Giallo;7.34;Sfuso
Melone Giallo Bio;1;
Melone Giallo Tagliato;7.34;Sfuso
Melone Jolly;1;
Melone Retato;7.34;Sfuso
Melone Retato Bio;1;
Melone Retato Tagliato;7.34;Sfuso
Melone Verde;7.34;Sfuso
Melone Verde Tagliato;7.34;Sfuso
Menta;1;
Menta Bio;1;
Menta In Vaso;1;
Mentuccia;1;
Merinos;1;
Merlano / Molo;1;
Merluzzo Fritto;1;
Met├á Gallina;1;
Met├á Oca;1;
Mezzo Cappone;1;
Mezzo Coniglio In Parti;1;
Mezzo Pollo Allo Spiedo;1;
Mezzo Pollo Arrosto;1;
Miagawa;1;
Miagawa Bio;1;
Micca Di Parma;1;
Michette / Rosette / Stelline;1;
Miglio Bio;1;
Miglio Decorticato;1;
Milza B.A.;1;
Mimolette;1;
Minestra Di Farro;1;
Minestra D'orzo;1;
Minestra Mediterranea;1;
Minestra Orzo e Funghi;1;
Minestra Orzo e Funghi Porcini;1;
Minestra Orzo e Porri;1;
Minestrone;1;
Minestrone Di Verdure;1;
Minestrone Saporito;1;
Minestrone Tagliato;1;
Mini Burger Salmone Impanato;1;
Mini Fishburger Trota;1;
Mirtilli;1;
Mirtilli Bio;1;
Mirtilli Disidratati;1;
Mirtilli Rossi Secchi;1;
Misticanza;1;
Misticanza Bio;1;
Misticanza Orientale;1;
Misto 3 Guscio Sorrento;1;
Misto 3 Gusti ;1;
Misto In Guscio;1;
Misto Mare;1;
Misto Per Soffritto;1;
Mix (Cozze Vongole Fasolari);1;
Mix Colazione;1;
Mix Da Cuocere;1;
Mix Primavera;1;
Mix Rape Cotte;1;
Mix Rucoloso;1;
Mix Semi;1;
Mix Spinaci E Bietole Cotte;1;
Moddizzosu;1;
Molissardo;1;
Molissardo Al Tartufo;1;
Mollame Suino;1;
Monna Lisa tinto Rosso;1;
Montagna San Candido;1;
Montanaro;1;
Montasio;1;
Montasio Mezzano;1;
Montasio Semistagionato;1;
Montasio vecchio;1;
Monte Grappa Fresco;1;
Monte Grappa Stagionato;1;
Monte Limbara;1;
Monte Veronese D'Allevo;1;
Monte Veronese Latte Intero;1;
Montes;1;
Moras;1;
Morbidoso;1;
Morbier;1;
More;1;
More Bio;1;
More Secche;1;
Morlacco / Burlacco Del Grappa;1;
Mortadella;5.31;
Mortadella Bologna;5.31;
Mortadella Cinghiale;0.74;
Mortadella Con Pistacchio;5.31;
Mortadella Di Asino;0.74;
Mortadella Di Fegato;0.74;
Mortadella Di Pollo;0.74;
Mortadella Prosciuttella;0.74;
Moscardino;1;
Mostarda;1;
Mostella;1;
Mozzarella Di Bufala;1;
Mozzarella Di Bufala Affumicata;1;
Mozzarella In Carrozza;1;
Mozzarella Latte Di Bufala;1;
Mozzarella Nodino Di Bufala;1;
Mozzarella Nodino Di Bufala Affumicata;1;
Mozzarella Panata;1;
Mozzarella Treccia Di Bufala;1;
Mozzarella Treccia Di Bufala Affumicata;1;
Muffolette;1;
Murazzano;1;
Murena;1;
Murgiano Affumicato;1;
Murice Spinoso;1;
Muscolo Intero B.A.;1;
Muscolo Intero Chianina B.A;1;
Muscolo Intero Equino;1;
Muscolo Intero Scottona B.A.;1;
Muscolo Intero Vitello;1;
Nasello / Merluzzo;3.43;
Nero Di Fattoria;1;
Nero Di Grotta;1;
Nero Di Sicilia;1;
Nero Di Troia;1;
Nerone Di Pienza;1;
Nerone Di Puglia;1;
Nervi B.A.;1;
Nervi Conditi B.A.;1;
Nervi Conditi Vitello;1;
Nervi Vitello;1;
Nespole;1;
Nocciole Di Giffoni Igp;1;
Nocciole Granella;1;
Nocciole In Guscio;1;
Nocciole In Guscio Tostate;1;
Nocciole Oregon;1;
Nocciole Pelate;1;
Nocciole Piemonte IGP;1;
Nocciole Pralinate;1;
Nocciole Sgusciate;1;
Nocciole Sgusciate Bio;1;
Nocciole Sgusciate e Tostate;1;
Nocciole Sgusciate Tostate E Pelate;1;
Noce Di Cocco;1;
Noce Di Cocco Da Bere;1;
Noceto;1;
Noci Bio;1;
Noci Bio Giant;1;
Noci Brasiliane;1;
Noci California;1;
Noci Chandler;1;
Noci Cile;1;
Noci Dei Carpazi;1;
Noci Francia;1;
Noci Franquettes;1;
Noci Fresche;1;
Noci Howard;1;
Noci In Guscio;1;
Noci In Guscio Bio;1;
Noci Jumbo;1;
Noci Lara;1;
Noci Malizia;1;
Noci Pecan;1;
Noci Ricoperte Al Cioccolato;1;
Noci Sgusciate;1;
Noci Sgusciate Bio;1;
Noci Sorrento;1;
Noci Sorrento Naturali;1;
Noci Tostate E Salate;1;
Noci Tulare;1;
Nonno Tito Casaro;1;
Nostranello;1;
Nuraghe D'Oro;1;
Oca In Parti / A Pezzi;1;
Oca Intera / Busto;1;
Occelli Al Barolo;1;
Occelli In Foglie Di Castagno;1;
Occhi Verdi / Fuggirlo;1;
Occhiata;1;
Occhiato Valchiavenna;1;
Odori Misti;1;
Odori Misti Bio;1;
Odori Per Arrosti;1;
Odori Per Brodo;1;
Olive Ascolane Gastronomia;1;
Olive Cerignola;1;
Olive Denocciolate Nere;1;
Olive Denocciolate Nere;1;
Olive Denocciolate Nere Condite;1;
Olive Denocciolate Verdi;1;
Olive Denocciolate Verdi Condite;1;
Olive Farcite;1;
Olive Gaeta DOP;1;
Olive Gaeta DOP;1;
Olive Itrana Del Lazio;1;
Olive Mix Piccanti;1;
Olive Nere  Taggiasche;1;
Olive Nere Al Forno;1;
Olive Nere Al Forno;1;
Olive Nere Belle Di Cerignola;1;
Olive Nere Condite Alla Messinese;1;
Olive Nere Condite Dolci;1;
Olive Nere Dolci;1;
Olive Nere Dolci Nocellara Del Belice DOP;1;
Olive Nere Greche;1;
Olive Nere Itrana Del Lazio;1;
Olive Nere Kalamata;1;
Olive Nere Leccino;1;
Olive Nere Novara Del Bellice;1;
Olive Nere Torremaggiore;1;
Olive Nocellara Del Belice Al Naturale DOP;1;
Olive Nocellare;1;
Olive Nocellare Con Giardiniera;1;
Olive Pasolone;1;
Olive Riviera;1;
Olive Rosate;1;
Olive Taggiasche;1;
Olive Verdi Aperitivo;1;
Olive Verdi Belle Di Cerignola;1;
Olive Verdi Condite;1;
Olive Verdi Condite;1;
Olive Verdi Condite Piccanti;1;
Olive Verdi Denocciolate;1;
Olive Verdi Denocciolate Giganti;1;
Olive Verdi Denocciolate Nocellara Etnea;1;
Olive Verdi Dolci / Castelvetrano;1;
Olive Verdi Dolci Castel Vetrano;1;
Olive Verdi Dolci Denocciolate;1;
Olive Verdi Dolci Giganti;1;
Olive Verdi Dolci Giganti;1;
Olive Verdi Dolci Nocellara Del Belice DOP;1;
Olive Verdi Farcite;1;
Olive Verdi Piccanti;1;
Olive Verdi Schiacciate;1;
Olive Verdi Schiacciate Piccanti;1;
Ombrina;1;
Ombrina Bocca D'Oro;1;
Orata;8.77;
Orata Gaeta;4.45;
Orata Orbetello;4.45;
Orata Sicilia;4.45;
Origano;1;
Origano Bio;1;
Origano Foglie;1;
Origano In Vaso;1;
Ortler;1;
Orzo Perlato;1;
Orzo Perlato Bio;1;
Ossa Per Bollito B.A.;1;
Ossau - Iraty;1;
Ossobuco B.A.;1;
Ossobuco Chianina B.A;1;
Ossobuco Equino;1;
Ossobuco Piemontese B.A.;1;
Ossobuco Scottona B.A.;1;
Ossobuco Suino;1;
Ossobuco Tacchino;1;
Ossobuco Vitello;1;
Ossocollo;1;
Ossolano;1;
Ostrica Concava / Aperta;1;
Ovinfort;1;
Paella Di Carne e/o Pesce;1;
Pagliata Abbacchio;1;
Pagliata Vitello;1;
Paglierina;1;
Pagnotta A Lievitazione Naturale;1;
Pagnotta Ai Cereali;1;
Pagnotta Ai Multicereali;1;
Pagnotta Casereccia;1;
Pagnotta Con Semi Di Quinoa;1;
Pagnotta Cotta A Legna;1;
Pagnotta Di Altamura;1;
Pagnotta Di Grano Duro;1;
Pagnotta Di Grano Duro Con Olive;1;
Pagnotta Di Grano Tenero;1;
Pagnotta Di Lariano;1;
Pagnotta Di Segale;1;
Pagnotta Di Sesamo;1;
Pagnotta Di Tumminia;1;
Pagnotta Integrale;1;
Pagnotta Napoletana;1;
Pagnotta Rimacinata;1;
Pagnotta Romana;1;
Pagnotta Sciapa;1;
Pagnotta Siciliana;1;
Pagnotta Terni;1;
Pagro;1;
Paguro;1;
Pak Choi;1;
Pak Choi / Cavolo Cinese;1;
Palamita;1;
Palloncino Integrale;1;
Pallone Di Gravina;1;
Palombo;1;
Pamigo;1;
Pamigo Grattuggiato;1;
Pan Di Provola;1;
Panadas Condita;1;
Pancetta;1;
Pancetta A Fette Suino;1;
Pancetta A Tranci Suino;1;
Pancetta Affumicata;1;
Pancetta Al Forno;1;
Pancetta Arrotolata;1;
Pancetta Arrotolata Al Forno Gastronomia;1;
Pancetta Bergamasca;1;
Pancetta Coppata;1;
Pancetta Di Cinghiale;1;
Pancetta Di Suino Nero;1;
Pancetta Di Zibello;1;
Pancetta Magra;1;
Pancetta Nostrana;1;
Pancetta Pepata;1;
Pancetta Piacentina;1;
Pancetta Piccante;1;
Pancetta Rovajo;1;
Pancetta Senza Cotenna;1;
Pancetta Steccata;1;
Pancetta Stufata;1;
Pancetta Tesa Affumicata;1;
Pancetta Tesa Dolce;1;
Pancetta Tesa Piccante;1;
Pancetta Tirolese;1;
Pane Al Farro;1;
Pane Al Kamut;1;
Pane Alla Zucca;1;
Pane Arabo;1;
Pane Azimo;1;
Pane Cafone;1;
Pane Carasau;1;
Pane Carasau Di Mais;1;
Pane Carasau Integrale;1;
Pane Cereali;1;
Pane Di Cristallo;1;
Pane Di Sezze;1;
Pane Di Soia;1;
Pane Di Tumminia;1;
Pane Granello;1;
Pane Guttiau;1;
Pane Guttiau Integrale;1;
Pane Maggiolino;1;
Pane Modde;1;
Pane Nero;1;
Pane Palermitano;1;
Pane Pistoccu;1;
Pane Pistoccu Integrale;1;
Pane Pugliese;1;
Pane Sardo;1;
Pane Schiocco;1;
Pane Sciocco;1;
Pane Treccia;1;
Pane Zichi;1;
Panedda;1;
Panfocaccia;1;
Pangasio;1;
Panini Ai Cereali;1;
Panini Di Semola;1;
Panino Al Carbone;1;
Panino Al Latte;1;
Panino Al Sesamo;1;
Panino All'Olio;1;
Panino Casereccio;1;
Panino Di Grano Duro;1;
Panino Di Grano Tenero;1;
Panino Integrale;1;
Panino Integrale Condito;1;
Pannocchia / Canocchia;1;
Pannocchie di Mais;1;
Papaya;1;
Papaya A Cubetti;1;
Papaya A Fette;1;
Papaya Disidratata;1;
Papaya Formosa;1;
Papaya Via Aerea;1;
Parisienne;1;
Parmigiana Di Melanzane;1;
Parmigiano Reggiano;10.08;
Parmigiano Reggiano A Dadini;1;
Parmigiano Reggiano Grattugiato;1;
Parmigiano Reggiano In Scaglie;1;
Parmigiano Reggiano Vacche Rosse;10.08;
Parsienne;1;
Passera;1;
Pasta Fredda / Insalata Di Pasta;1;
Pasti Ubriaco Al Prosecco;1;
Pasti Ubriaco Rosso;1;
Pastore Di Fonni;1;
Pastorello Di Fonni;1;
Pastorino Sardo;1;
Pat├¿ Di Prosciutto;1;
Pat├¿ Di Tonno;1;
Patate;2.63;Sfuso
Patate Agata;2.63;Sfuso
Patate Arrosto;1;
Patate Bio;1;
Patate Cotte;1;
Patate D'Abruzzo / Fucino;2.63;Sfuso
Patate Della Sila / Calabria;2.63;Sfuso
Patate Di Montagna;2.63;Sfuso
Patate Dolci / Americane;2.63;Sfuso
Patate Fritte;1;
Patate Iodio;2.63;Sfuso
Patate Naturella;2.63;Sfuso
Patate Novella;2.63;Sfuso
Patate Novella Bio;1;
Patate Primura / Bologna DOP;2.63;Sfuso
Patate Rosse;2.63;Sfuso
Patate Rotzo / Asiago;2.63;Sfuso
Patate Selenio;2.63;Sfuso
Patate Viola;2.63;Sfuso
Patate Viterbo;2.63;Sfuso
Pecora In Parti;1;
Pecoricco;1;
Pecorino 40 Giorni;5.41;
Pecorino Abruzzese;5.41;
Pecorino Affinato In Crosta;5.41;
Pecorino Affumicato;5.41;
Pecorino Al Peperoncino;5.41;
Pecorino al Pesto;5.41;
Pecorino Al Pistacchio;5.41;
Pecorino Al Rosmarino;5.41;
Pecorino Al Tartufo Tuberino;5.41;
Pecorino Al Vino;5.41;
Pecorino Alla Birra;5.41;
Pecorino alle Vinacce;5.41;
Pecorino Allo Zafferano;5.41;
Pecorino Amiata Nero;5.41;
Pecorino Antico Grotta Amalasunta;5.41;
Pecorino Antico Grotta Defuk;5.41;
Pecorino Antico Grotta Tomao;5.41;
Pecorino Arenosu;5.41;
Pecorino Aresu;5.41;
Pecorino Auretta;5.41;
Pecorino Bacco;5.41;
Pecorino Badeconca;5.41;
Pecorino Bagnolese;5.41;
Pecorino Balze Volterrane DOP;5.41;
Pecorino Barbaricino;5.41;
Pecorino Boncacio;5.41;
Pecorino Boncacio Di Roma;5.41;
Pecorino Bosco;5.41;
Pecorino Cacio Ercole;5.41;
Pecorino Cacio Faenum;5.41;
Pecorino Cafone;5.41;
Pecorino Campagnolo;5.41;
Pecorino Campeda;5.41;
Pecorino Canestrino;5.41;
Pecorino Caseus Adrianus;5.41;
Pecorino Caseus Adrianus Rigato;5.41;
Pecorino Chent'Annos;5.41;
Pecorino Chianti Delle Colline Pisane;5.41;
Pecorino Colle Cavalieri;5.41;
Pecorino Colli Del Tufo;5.41;
Pecorino Colli Del Tufo Stagionato;5.41;
Pecorino Con Tartufo;5.41;
Pecorino Contadino;5.41;
Pecorino Crotonese;5.41;
Pecorino Crotonese Fresco;5.41;
Pecorino Crotonese Stagionato;5.41;
Pecorino Cuore Di sardegna;5.41;
Pecorino Del Casentino;5.41;
Pecorino Del Chiavistello;5.41;
Pecorino Del Cilento;5.41;
Pecorino Del Colle;5.41;
Pecorino Del Nonno;5.41;
Pecorino Del Principe;5.41;
Pecorino Di Amatrice;5.41;
Pecorino Di Capra;5.41;
Pecorino Di Farindola;5.41;
Pecorino Di Filiano;5.41;
Pecorino Di Foggia;5.41;
Pecorino Di Follonica;5.41;
Pecorino Di Fossa;5.41;
Pecorino Di Fossa Di Sogliano;5.41;
Pecorino Di Grotta;5.41;
Pecorino Di Latte Crudo;5.41;
Pecorino Di Norcia;5.41;
Pecorino Di Pecora Nobile;5.41;
Pecorino Di Pienza Nero / Semistagionato;5.41;
Pecorino Di Pienza Rosso / Fresco;5.41;
Pecorino Diavolatte;5.41;
Pecorino Dolce;5.41;
Pecorino Dolce Abbazia;5.41;
Pecorino Dolce Abbazia Stagionato;5.41;
Pecorino Dolce Colli Bolognesi;5.41;
Pecorino Dolce Pientino;5.41;
Pecorino Dolce Sogno;5.41;
Pecorino Dolce Tufo;5.41;
Pecorino Dolceprato;5.41;
Pecorino Ennese;5.41;
Pecorino Erborinato Blu;5.41;
Pecorino Fiore Del Pastore;5.41;
Pecorino Fiore Di Calabria;5.41;
Pecorino Fioretto;5.41;
Pecorino Foglia Di Noce;5.41;
Pecorino Fresco;5.41;
Pecorino fresco colfiorito;5.41;
Pecorino Fresco Con Erbe;5.41;
Pecorino Fresco Vallesina;5.41;
Pecorino Furfante;5.41;
Pecorino Galluradoro;5.41;
Pecorino Gemma Nera;5.41;
Pecorino Gentile;5.41;
Pecorino Gran Sepi;5.41;
Pecorino Granglona;5.41;
Pecorino Grattugiato;5.41;
Pecorino Graziola;5.41;
Pecorino Grotte Del Tufo;5.41;
Pecorino Il Castellano;5.41;
Pecorino Il Colle;5.41;
Pecorino Il Fresco Verde;5.41;
Pecorino Il Gigante;5.41;
Pecorino Il Magnifico;5.41;
Pecorino Il Merigo;5.41;
Pecorino Il Selvatico;5.41;
Pecorino Il Vecchio Fienile;5.41;
Pecorino Isolano;5.41;
Pecorino Kannitu;5.41;
Pecorino Kroton;5.41;
Pecorino La Deliziosa;5.41;
Pecorino Lago Di Bolsena;5.41;
Pecorino Laurentino;5.41;
Pecorino Laurentino Stagionato;5.41;
Pecorino Lucano;5.41;
Pecorino L'Ulivo;5.41;
Pecorino Luna Piena;5.41;
Pecorino Luna Rossa;5.41;
Pecorino Mandorlo;5.41;
Pecorino Marchigiano;5.41;
Pecorino Maremma Nero;5.41;
Pecorino Martano Nero;5.41;
Pecorino Marzolino;5.41;
Pecorino Marzolino Rosso;5.41;
Pecorino Metello;5.41;
Pecorino Misto;5.41;
Pecorino Misto Vallesina;5.41;
Pecorino Moliterno;5.41;
Pecorino Monna Lisa;5.41;
Pecorino Monreale;5.41;
Pecorino Monte Poro;5.41;
Pecorino Montenerone;5.41;
Pecorino Morbidello;5.41;
Pecorino Moro Di Sardegna;5.41;
Pecorino Mosto Dei Papi;5.41;
Pecorino Muravera;5.41;
Pecorino Napoleone In Grotta;5.41;
Pecorino Nero Di Sicilia;5.41;
Pecorino Nero Di Siena;5.41;
Pecorino Nerone;5.41;
Pecorino Nobile Della Buca Etrusca;5.41;
Pecorino Nostrano Vallesina;5.41;
Pecorino Paglia E Fieno;5.41;
Pecorino Pascoli Del Chianti;5.41;
Pecorino Pascoli Delle Colline;5.41;
Pecorino Pascoli Di Pienza;5.41;
Pecorino Pascoli Di Siena;5.41;
Pecorino Pastore Del Tirso;5.41;
Pecorino Pastore Sardo;5.41;
Pecorino Pecora Bella;5.41;
Pecorino Pecoraro;5.41;
Pecorino Pepato;5.41;
Pecorino Perla D'Oro;5.41;
Pecorino Perla Nera;5.41;
Pecorino Pilato;5.41;
Pecorino Pilato Stagionato;5.41;
Pecorino Prato Sardo;5.41;
Pecorino Predicatore;5.41;
Pecorino Primo Sale;5.41;
Pecorino Pugliese;5.41;
Pecorino Quattro Stagioni;5.41;
Pecorino Rancione;5.41;
Pecorino Re Nero;5.41;
Pecorino Re Sardo;5.41;
Pecorino Rigatino Etrusco;5.41;
Pecorino Rigato Barbaricino;5.41;
Pecorino Riserva;5.41;
Pecorino Risveglio;5.41;
Pecorino Roccaccio;5.41;
Pecorino Romano;5.41;
Pecorino Romano Goceano;5.41;
Pecorino Romano Grattugiato;5.41;
Pecorino Romano In Scaglie;5.41;
Pecorino Romano Nero;5.41;
Pecorino Roncione;5.41;
Pecorino Rossellino;5.41;
Pecorino Rosso Chianti;5.41;
Pecorino Rustico;5.41;
Pecorino San Ginese;5.41;
Pecorino San Patrignano;5.41;
Pecorino Sardaccio;5.41;
Pecorino Sardo;5.41;
Pecorino Sardo Dolce;5.41;
Pecorino Sardo Fiore Selvaggio;5.41;
Pecorino Sardo Fresco;5.41;
Pecorino Sardo Maturo;5.41;
Pecorino Sardo Medoro;5.41;
Pecorino Sardo Tuvois;5.41;
Pecorino Scodellato Misto Pecora;5.41;
Pecorino Semistagionato;5.41;
Pecorino Senese;5.41;
Pecorino Senese Contradaiolo;5.41;
Pecorino Siciliano;5.41;
Pecorino Sirbone;5.41;
Pecorino Stagionato;5.41;
Pecorino Stagionato Alta Tuscia;5.41;
Pecorino Stagionato La Goccia;5.41;
Pecorino Stagionato L'Ovile;5.41;
Pecorino Stagionato Montesu;5.41;
Pecorino Stagionato Napoleone;5.41;
Pecorino Stagionato Romagnolo;5.41;
Pecorino Stagionato Vallesina;5.41;
Pecorino Supramonte;5.41;
Pecorino Tavolara;5.41;
Pecorino Tenero Romagnolo;5.41;
Pecorino Testanera;5.41;
Pecorino Timbrato;5.41;
Pecorino Toscano;5.41;
Pecorino Toscano Rossellino;5.41;
Pecorino Toscano Stagionato;5.41;
Pecorino Toscano Tenero;5.41;
Pecorino Truncu Reale;5.41;
Pecorino Tusciarello;5.41;
Pecorino Umbro;5.41;
Pecorino Valmetauro;5.41;
Pecorino Vecchio Stampo;5.41;
Pecorino Vegetale;5.41;
Pecorino Viterbese;5.41;
Pennanera;1;
Pepe Nero;1;
Peperino Crotonese Pepe Rosso;1;
Peperonata;1;
Peperoncini Allungati Rossi;1;
Peperoncini Allungati Verdi;1;
Peperoncini Bio;1;
Peperoncini Calabresi;1;
Peperoncini Cayenna;1;
Peperoncini Dolci;1;
Peperoncini Habanero;1;
Peperoncini Jalapeno;1;
Peperoncini Misti;1;
Peperoncini Ripieni;1;
Peperoncini Secchi;1;
Peperoncini Tondi Rossi;1;
Peperoncini Tondi Verdi;1;
Peperoncini Tritati Bio;1;
Peperoni Arancioni;2.22;Sfuso
Peperoni Arancioni Bio;1;
Peperoni Corno Misti;2.22;Sfuso
Peperoni Corno Rossi;2.22;Sfuso
Peperoni Corno Verdi;2.22;Sfuso
Peperoni Cotti;1;
Peperoni Gialli;2.22;Sfuso
Peperoni Gialli Bio;1;
Peperoni Gratinati;1;
Peperoni Grigliati;1;
Peperoni Mini;2.22;Sfuso
Peperoni Misti;2.22;Sfuso
Peperoni Misti Bio;1;
Peperoni Ripieni;1;
Peperoni Rossi;2.22;Sfuso
Peperoni Rossi Bio;1;
Peperoni Verdi;2.22;Sfuso
Peperoni Verdi Bio;1;
Perbacco;1;
Pere Abate;4.8;Sfuso
Pere Abate Bio;1;
Pere Angelys;4.8;Sfuso
Pere Bartlett;4.8;Sfuso
Pere Butirre;4.8;Sfuso
Pere Carmen;4.8;Sfuso
Pere Carmen Bio;1;
Pere Conference;4.8;Sfuso
Pere Conference Bio;1;
Pere Coscia;4.8;Sfuso
Pere D'Anjou;4.8;Sfuso
Pere Decana;4.8;Sfuso
Pere Decana Bio;1;
Pere Ercoline;4.8;Sfuso
Pere Forelle;4.8;Sfuso
Pere Guyot;4.8;Sfuso
Pere Guyot Bio;1;
Pere Kaiser;4.8;Sfuso
Pere Kaiser Bio;1;
Pere Madernas;4.8;Sfuso
Pere Nashi;4.8;Sfuso
Pere Packam's;4.8;Sfuso
Pere Packam's Bio;1;
Pere Santa Maria;4.8;Sfuso
Pere Spinelli;4.8;Sfuso
Pere Williams Bianche;4.8;Sfuso
Pere Williams Bianche Bio;1;
Pere Williams Rosse;4.8;Sfuso
Pere Williams Rosse Bio;1;
Perine Siciliane;1;
Perla Dei Greci;1;
Pesce / Piccione / Campanello B.A.;1;
Pesce / Piccione / Campanello Vitello;1;
Pesce Spada Grigliato;1;
Pesce Spada Yuzu;1;
Pesche Bianche;0.12;Cestino / Vassoio o Busta / Sottovuoto / Skin
Pesche Gialle;0.12;Cestino / Vassoio o Busta / Sottovuoto / Skin
Pesche Gialle Bio;1;
Pesche Nettarine / Noci  Bianche;0.12;Cestino / Vassoio o Busta / Sottovuoto / Skin
Pesche Nettarine / Noci Bianche Bio;1;
Pesche Nettarine / Noci Gialle;0.12;Cestino / Vassoio o Busta / Sottovuoto / Skin
Pesche Nettarine / Noci Gialle Bio;1;
Pesche Percoche;0.12;Cestino / Vassoio o Busta / Sottovuoto / Skin
Pesche Rosse;0.12;Cestino / Vassoio o Busta / Sottovuoto / Skin
Pesche Saturnine Tabacchiere;0.12;Cestino / Vassoio o Busta / Sottovuoto / Skin
Pesche Saturnine Tabacchiere Bio;1;
Pestato Di Olive;1;
Pestato Di Olive Acciughe E Capperi;1;
Pestato Di Olive Carciofi;1;
Pestato Di Olive E Funghi;1;
Pestato Di Olive E Melanzane;1;
Pestato Di Olive Piccanti;1;
Pesto Alla Genovese;1;
Pettirosso;1;
Petto / Fesa Tranci Vitello;1;
Petto / Prosciutto Di Pollo Arrosto (Salume);1;
Petto A Fette Impanato Pollo;1;
Petto A Fette Pollo;11.34;
Petto Anatra;1;
Petto Di Pollo Gastronomia;1;
Petto Intero Pollo;7.95;
Petto Quaglia;1;
Pezza / Samone Vitello;1;
Pezza / Scamone B.A.;1;
Pezzogna;1;
Piacentinu Ennese;1;
Piattone;1;
Piave Fresco;1;
Piave Mezzano;1;
Piave Vecchio;1;
Piave Vecchio Riserva;1;
Piave Vecchio Sel. Oro;1;
Picanha B.A.;1;
Picanha Piemontese B.A.;1;
Picanha Scottona B.A.;1;
Piccione In Part / A Pezzi;1;
Piccione Intero / Busto;1;
Piccolo Cuore;1;
Picolin;1;
Pie' D'Asino;1;
Pimento;1;
Pincion;1;
Pinoli;1;
Pinoli Bio;1;
Pinoli Sgusciati;1;
Piselli;1;
Piselli Bio;1;
Piselli Decorticati;1;
Piselli Secchi;1;
Pistacchi;1;
Pistacchi Senza Sale;1;
Pistacchi Sgusciati;1;
Pistacchi Tostati;1;
Pistacchi Tostati E Salati;1;
Pistaricco;1;
Pitaya;1;
Pitaya Rossa;1;
Piticheddu;1;
Pizza Al Carbone;1;
Pizza Alla Diavola;1;
Pizza Bianca;1;
Pizza Con Funghi;1;
Pizza Condita;1;
Pizza Farcita / Ripiena Trancio;1;
Pizza Integrale;1;
Pizza Margherita;1;
Pizza Margherita Trancio;1;
Pizza Rossa;1;
Pizza Sarda;1;
Pizza Vegana;1;
Pizza Vegetariana;1;
Pizzoccheraia;1;
Platano;1;
Platessa;1.16;
Platessa Mugnaia;1;
Polenta Fritta;1;
Pollo A Pezzi Allevato A Terra;1;
Pollo Al Curry Gastronomia;1;
Pollo Allo Spiedo;1;
Pollo Allo Spiedo Allevato A Terra;1;
Pollo Arrosto Allevato A Terra;1;
Pollo Arrosto Gastronomia;1;
Pollo Diavola Gastronomia;1;
Pollo Fritto;1;
Pollo In Parti / A Pezzi;1;
Pollo In Parti / A Pezzi Condito;1;
Pollo In Parti / A Pezzi Ruspante;1;
Pollo Intero / Busto;5.91;
Pollo Intero / Busto Alla Diavola;5.91;
Pollo Intero / Busto Allevato A Terra;5.91;
Pollo Intero / Busto Ruspante;5.91;
Pollo Ripieno;1;
Pollo Tonn├¿;1;
Polmone B.A.;1;
Polmone E Milza B.A;1;
Polpa / Sottofesa Con Osso Piemontese B.A;1;
Polpa / Sottofesa Senza Osso Piemontese B.A;1;
Polpa A Tranci B.A;4.43;
Polpa A Tranci Chianina B.A;1;
Polpa Arrosto Equino;1;
Polpa Coscia B.A;4.43;
Polpa Manzo All'Inglese / Roastbeef;1;
Polpa Scelta Con Osso B.A.;4.43;
Polpa Scelta Con Osso Vitello;0.75;
Polpa Scelta Scottona B.A.;1;
Polpa Scelta Senza Osso B.A.;4.43;
Polpa Scelta Senza Osso Vitello;0.75;
Polpa Sceltissima Con Osso B.A.;4.43;
Polpa Sceltissima Con Osso Vitello;0.75;
Polpa Sceltissima Senza Osso B.A.;4.43;
Polpa Sceltissima Senza Osso Vitello;0.75;
Polpa Senza Osso Cinghiale;1;
Polpa Senza Osso Suino;1;
Polpa Spalla Piemontese B.A;1;
Polpette B.A.;1;
Polpette Chianina B.A.;1;
Polpette Con Formaggio Tacchino E Suino;1;
Polpette Con Spinaci Tacchino E Suino;1;
Polpette Condite;1;
Polpette Di Pesce Spada;1;
Polpette Miste (B.A. E Suino);1;
Polpette Miste B.A E Vitello;1;
Polpette Pollo ;1;
Polpette Pollo E Tacchino ;1;
Polpette Suino;1;
Polpette Tacchino ;1;
Polpette Tacchino Condite;1;
Polpette Tacchino E Suino;1;
Polpette Vitello;1;
Polpettone B.A.;1;
Polpettone In Crosta;1;
Polpettone Misto ( Pollo Suino Tacchino);1;
Polpettone Pollo;1;
Polpettone Tacchino;1;
Polpo;3.5;
Polpo Arricciato;3.5;
Polpo Precotto;1;
Polpo Verace;3.5;
Pomelo Disidratato;1;
Pomelo Giallo;1;
Pomelo Rosso;1;
Pomodori Camone / Majore;4.5;Sfuso
Pomodori Cencara;1;
Pomodori Ciliegino;4.5;Sfuso
Pomodori Ciliegino Bio;1;
Pomodori Ciliegino Crispino nero;4.5;Sfuso
Pomodori Ciliegino Giallo;4.5;Sfuso
Pomodori Ciliegino IGP / Pachino;4.5;Sfuso
Pomodori Ciliegino Secchi;1;
Pomodori Costoluto;4.5;Sfuso
Pomodori Costoluto IGP di Pachino;4.5;Sfuso
Pomodori Cuore Di Bue;4.5;Sfuso
Pomodori Cuore Di Bue Bio;1;
Pomodori Cupido;1;
Pomodori Datterino;4.5;Sfuso
Pomodori Datterino Bio;1;
Pomodori Datterino Gialli;4.5;Sfuso
Pomodori Edioso;1;
Pomodori Fragolino;1;
Pomodori Grappolo Rosso;4.5;Sfuso
Pomodori Grappolo Rosso Bio;1;
Pomodori Insalataro Bio;1;
Pomodori Insalataro Tondi Verdi;4.5;Sfuso
Pomodori Kumato;1;
Pomodori Marinda;1;
Pomodori Marzanino;4.5;Sfuso
Pomodori Merendino;1;
Pomodori Mini Oblungo / Mini Plum;4.5;Sfuso
Pomodori Mini San Marzano;4.5;Sfuso
Pomodori Oblungo / Allungato Rosso;4.5;Sfuso
Pomodori Oblungo / Allungato Verde;4.5;Sfuso
Pomodori Oblungo Rosso  Bio;1;
Pomodori Oblungo Verde Bio;1;
Pomodori Perino Rosso;4.5;Sfuso
Pomodori Perino Rosso Bio;1;
Pomodori Perino Verde;4.5;Sfuso
Pomodori Piccadilly;4.5;Sfuso
Pomodori Pomilio;1;
Pomodori Regina;1;
Pomodori Ripieni;1;
Pomodori Riso;4.5;Sfuso
Pomodori San Marzano;4.5;Sfuso
Pomodori Secchi;1;
Pomodori Secchi Gastronomia;1;
Pomodori Torpedino;4.5;Sfuso
Pomodori Vesuviano;1;
Pomodorini Sardegna;4.5;Sfuso
Pomodoro Confetto;1;
Pomodoro Kamarino;1;
Pomodoro Zebrino Ovale;1;
Pompelmi Bianchi / Gialli;1;
Pompelmi Rossi / Rose';1;
Pont-L'Eveque;1;
Porchetta;1;
Porchetta Di Ariccia;1;
Porchetta Toscana;1;
Porri;1;
Porri Bio;1;
Porri Julienne / In Fili;1;
Portafoglio Alla Valdostana;1;
Prataiola Grande;1;
Prataiola Mignon;1;
Preparato Per Bollito B.A.;1;
Prezioso Al Tartufo;1;
Prezzemolo A Mazzo;1;
Prezzemolo Bio;1;
Prezzemolo In Vaso;1;
Primaticcio;1;
Primiero Fresco;1;
Primo Sale;1;
Primo Sale Con Capperi;1;
Primo Sale Con Noci;1;
Primo Sale Con Olive;1;
Primo Sale Con Origano;1;
Primo Sale Con Pepe;1;
Primo Sale Con Peperoncino;1;
Primo Sale Con Pistacchio;1;
Primo Sale Con Pomodori;1;
Primo Sale Con Rucola;1;
Primo Sale Con Zafferano;1;
Primo Sale Di Capra;1;
Primo Sale Di Pecora;1;
Principe Di Trinacria;1;
Prosciutto Cotto;7.17;
Prosciutto Cotto Alle Erbe;3.17;
Prosciutto Cotto Arrosto;3.17;
Prosciutto Cotto Di Culatello;1;
Prosciutto Cotto Di Culatello Di Zibello;1;
Prosciutto Cotto Di Norcia;3.17;
Prosciutto Cotto Estero;7.17;
Prosciutto Cotto Gran Biscotto;3.17;
Prosciutto Cotto Nazionale / Nostrano;7.17;
Prosciutto Cotto Orsetto;7.17;
Prosciutto Cotto Parigi;3.17;
Prosciutto Cotto Praga;3.17;
Prosciutto Crudo;5.49;
Prosciutto Crudo Affumicato;5.49;
Prosciutto Crudo Amatriciano;6.13;
Prosciutto Crudo Cinta Senese;6.13;
Prosciutto Crudo Conte Laceno;6.13;
Prosciutto Crudo Di Agnello;1;
Prosciutto Crudo Di Carpegna;6.13;
Prosciutto Crudo Di Culatello Di Zibello;6.13;
Prosciutto Crudo Di Desulo;6.13;
Prosciutto Crudo Di Suino Nero;6.13;
Prosciutto Crudo Emiliano;5.49;
Prosciutto Crudo Estero;5.49;
Prosciutto Crudo Fonni;5.49;
Prosciutto Crudo Foresta Nera;6.13;
Prosciutto Crudo Intero;5.49;
Prosciutto Crudo Marchigiano;6.13;
Prosciutto Crudo Nazionale / Nostrano;5.49;
Prosciutto Crudo Norcia;6.13;
Prosciutto Crudo Parma;6.13;
Prosciutto Crudo San Daniele;6.13;
Prosciutto Crudo Sauris;6.13;
Prosciutto Crudo Serrano;6.13;
Prosciutto Crudo Tivoli;5.49;
Prosciutto Crudo Toscano;6.13;
Prosciutto Crudo Val Liona;5.49;
Prosciutto Crudo Veneto Berico;6.13;
Prosciutto Di Cinghiale;1;
Prosciutto E Mozzarella;1;
Prosciutto Patanegra;1;
Prosciutto Sella Di Mastro Dante;1;
Provola Del Casaro;1;
Provola S'Ampulla;1;
Provola Sfoglia Di Montalbano;1;
Provoletta;1;
Provoletta Affumicata;1;
Provoletta Piccante;1;
Provolette Auricchio;1;
Provolone Del Monaco;1;
Provolone Dolce;1;
Provolone Dolce Auricchio;1;
Provolone Piccante;1;
Provolone Piccante Auricchio;1;
Provolone Stravecchio;1;
Provolone Valpadana;1;
Prugne Bianche;1;
Prugne Nere President;1;
Prugne Nere Stanley / Allungate;1;
Prugne Nere Stanley Bio;1;
Prugne Rosse Metis;1;
Prugne Secche Con Nocciolo;1;
Prugne Secche Denocciolate;1;
Prugne Secche Denocciolate Bio;1;
Puenton;1;
Punta A Fette B.A.;1;
Punta A Fette C/O Scottona B.A.;1;
Punta A Fette S/O Scottona B.A.;1;
Punta A Fette Vitello;1;
Punta Di Petto Intera B.A.;1;
Puntarelle Pulite;1;
Punte Di Asparagi;1;
Puzzone Di Moena;1;
Quadrotti;1;
Quaglia Intera / Busto;1;
Quarti Anteriore Cinghiale;1;
Quarti Anteriori Maialino;1;
Quarti Posteriori Cinghiale;1;
Quarti Posteriori Maialino;1;
Quarti Posteriori Pollo;11.03;
Quartino Rimacinato;1;
Quartirolo Lombardo;1;
Quartirolo Lombardo Stagionato;1;
Quarto Anteriore Agnello;1;
Quarto Posteriore Agnello;1;
Quinoa;1;
Raclette;1;
Radicchio Bianco Tondo;1;
Radicchio Cicorino;1;
Radicchio Cicorino E Porro;1;
Radicchio Cicorino Tagliato;1;
Radicchio Novello;1;
Radicchio Rosa;1;
Radicchio Rosso Lungo Precoce;1;
Radicchio Rosso Tondo;1;
Radicchio Semilungo Verona;1;
Radicchio Tardivo;1;
Radicchio Variegato;1;
Radicchio Variegato In busta;1;
Radicchio Verde Tagliato;1;
Radici Amare;1;
Rafano;1;
Ragu D'Anatra;1;
Ragu D'Astice;1;
Ragusano;1;
Ragusano Semistagionato;1;
Ragusano Stagionato;1;
Ramacchino;1;
Rambol Con Erbe;1;
Rambol Con Noci;1;
Rambol Con Salmone;1;
Rambutan;1;
Rape / Barbabietole Bianche;1;
Rape / Barbabietole Julienne / In Fili;1;
Rape / Barbabietole Nere;1;
Rape / Barbabietole Rosse;1;
Rape Lunghe / Daikon;1;
Raschera;1;
Raspadura;1;
Ravanelli;1;
Ravanelli In Busta;1;
Ravanelli Julienne In Busta;1;
Ravazzate Con Carne;1;
Razza;1;
Re Pastore;1;
Re Priamo;1;
Reale A Fette Equino;1;
Reblochon;1;
Regno Di Sardegna;1;
Rene B.A.;1;
Rene Cinghiale;1;
Rene Suino;1;
Rene Vitello;1;
Resteya;1;
Ribes;1;
Ricciola;1;
Ricotta  Mustia;5.97;
Ricotta Affumicata;5.97;
Ricotta Al Forno Dura;5.97;
Ricotta Al Forno Tenera;5.97;
Ricotta Con Cioccolato;5.97;
Ricotta Con Peperoncino;5.97;
Ricotta Con Pistacchio;5.97;
Ricotta Cuor Di Latte;5.97;
Ricotta Di Bufala;5.97;
Ricotta Di Capra;5.97;
Ricotta Di Fuscella Stagionata;5.97;
Ricotta Di Fusciella;5.97;
Ricotta Di Pecora;5.97;
Ricotta Di Pecora Al Forno;5.97;
Ricotta Di Pecora Marella;5.97;
Ricotta Di Pecora Stagionata;5.97;
Ricotta Favolosa;5.97;
Ricotta Gentile;5.97;
Ricotta Marzotica;5.97;
Ricotta Mista;5.97;
Ricotta Pugliese Forte;5.97;
Ricotta Romana;5.97;
Ricotta Rugiada Di Tuscia;5.97;
Ricotta Salata Di Capra;5.97;
Ricotta Salata Di Pecora;5.97;
Ricotta Salata Mista;5.97;
Ricotta Salata Piccante;5.97;
Ricotta Salata Vaccina;5.97;
Ricotta Scuete;5.97;
Ricotta Vaccina;5.97;
Rigatino Semistagionato;1;
Ritagli Pollo;1;
Robiola;1;
Robiola Bosina;1;
Robiola Cocona;1;
Robiola Con Rucola;1;
Robiola Di Capra;1;
Robiola Di Roccaverano;1;
Robiola Grignetta;1;
Rocamadour;1;
Rodez;1;
Rodez Grattuggiato;1;
Rombo Chiodato;0.6;
Rombo Di Grano Duro;1;
Rombo Liscio;0.6;
Rombolino;0.6;
Roquefort;1;
Roquefort Coulet;1;
Rosa Camuna;1;
Rosa E Monte;1;
Rosmarino Bio;1;
Rosmarino Foglie;1;
Rosmarino In Vaso;1;
Rospo / Rana Pescatrice;1;
Rosso Di Fattoria;1;
Roul├® Aglio E Erbe;1;
Roul├® Aglio E Erbe 1/2;1;
Roul├® Ananas 1/2;1;
Roul├® Cranberry 1/2;1;
Roverella;1;
Rucola;1;
Rucola E Radicchio Rosso;1;
Rucola E Songino / Valeriana;1;
Rucola In Busta;1;
Rucola In Busta Bio;1;
Rustico Dolce;1;
Rustico Salato;1;
Saint Agur;1;
Saint Aubin;1;
Salame;7.13;
Salame / Salsiccia Al Mirto;1;
Salame / Salsiccia Al Tartufo;1;
Salame / Salsiccia Piccante Dritta / Classica;1;
Salame / Salsiccia Sarda Dritta / Classica;1;
Salame / Salsiccia Secca Affumicata;1;
Salame / Salsiccia Secca Aromatizzata;1;
Salame / Salsiccia Secca Curva;1;
Salame / Salsiccia Secca Di Desulo;1;
Salame / Salsiccia Secca Di Fonni;1;
Salame / Salsiccia Secca Dritta / Classica;1;
Salame / Salsiccia Secca Piccante Curva;1;
Salame / Salsiccia Secca Sarda Curva;1;
Salame / Salsiccia Ticinetto;1;
Salame All'Aglio;1.64;
Salame Ascolano;1.64;
Salame Bergamasco;1;
Salame Biroldo;1;
Salame Borsotto;1;
Salame Brianza;1;
Salame Cacciatore;1;
Salame Campagnolo;7.13;
Salame Corallina;7.13;
Salame Cotto;1;
Salame Cremonese;1.64;
Salame Del Nonno;1;
Salame Del Pastore;1;
Salame Di Cinghiale;1;
Salame Di Suino Nero;1;
Salame Di Trippa;1;
Salame Di Varzi;1;
Salame Dolce;7.13;
Salame Equino;1;
Salame Etrusco;1.64;
Salame Fabriano;1.64;
Salame Felino;1.64;
Salame Fiaschetta;1;
Salame Finocchiona;7.13;
Salame Finocchiona Intero / Trancio;7.13;
Salame Fiocco Delicato;7.13;
Salame Garfagnino;1;
Salame Golfetta;1;
Salame Intero;7.13;
Salame Lardellato;1;
Salame Mantovano;1.64;
Salame Mantovano Crespone;1.64;
Salame Milano;7.13;
Salame Mondiola;1;
Salame Napoli;7.13;
Salame Nduja;1;
Salame Negronetto;1;
Salame Norcia / Nursino;1.64;
Salame Nostrano / Nazionale;7.13;
Salame Paesanella;7.13;
Salame Palla Di Nola;1.64;
Salame Perugino;1.64;
Salame Piacentino;1.64;
Salame Piccante;7.13;
Salame Piemontese;1.64;
Salame Rosa;7.13;
Salame Sant'Angelo;1;
Salame Spagnolo / Alle Erbe;1.64;
Salame Spianata Abruzzese;1;
Salame Spianata Calabrese;7.13;
Salame Spianata Piccante;7.13;
Salame Spianata Romana;7.13;
Salame Spianata Romana Piccante;7.13;
Salame Toscano;1.64;
Salame Toscano Intero / Trancio;1.64;
Salame Ungherese;7.13;
Salame Vasco;1;
Salame Veneto Con Aglio;1.64;
Salame Veneto Dolce;1.64;
Salame Ventricina;1;
Salame Ventricina Piccante;1;
Salamella / Luganega B.A.;1;
Salamella / Luganega Cinghiale;1;
Salamella / Luganega Pollo;1;
Salamella / Luganega Pollo E Suino;1;
Salamella / Luganega Pollo E Tacchino;1;
Salamella / Luganega Suino;6.72;
Salamella / Luganega Tacchino;1;
Salamella / Luganica Equino;1;
Salamella Romana;1;
Salamella Ternana;1;
Salmone Affumicato;1;
Salmone Argentato;1;
Salmone Intero;7.38;
Salpa;1;
Salsa Tonnata;1;
Salsiccia / Salamella Suino E Vitello;1;
Salsiccia / Salamella Umbra Suino;6.72;
Salsiccia / Salamella Vitello ;1;
Salsiccia Legata A Pezzi Cinghiale;1;
Salsiccia Legata B.A.;1;
Salsiccia Legata Calabra Suino;6.72;
Salsiccia Legata Coniglio;1;
Salsiccia Legata Di Fegato Suino;6.72;
Salsiccia Legata Di Prosciutto Suino;6.72;
Salsiccia Legata Mantovana Suino;6.72;
Salsiccia Legata Mignon Suino;6.72;
Salsiccia Legata Norcia Suino;6.72;
Salsiccia Legata Pollo;1;
Salsiccia Legata Pollo E Suino;1;
Salsiccia Legata Pollo E Tacchino;1;
Salsiccia Legata Pollo Suino E Tacchino;1;
Salsiccia Legata Punta Di Coltello Suino;6.72;
Salsiccia Legata Suino;6.72;
Salsiccia Legata Suino E B.A;1;
Salsiccia Legata Suino E Pollo;1;
Salsiccia Legata Suino E Tacchino;1;
Salsiccia Legata Suino Pollo E Tacchino;1;
Salsiccia Legata Tacchino;1;
Salsiccia Legata Verzino Dolce Suino;6.72;
Salsiccia Legata Zampina Suino;6.72;
Salsiccia Secca Romana Curva;1;
Saltimbocca Alla Romana;1;
Salva Cremasco;1;
Salvia Bio;1;
Salvia in Vaso;1;
San Pietro;1;
San Pio X;1;
San Platano;1;
Sanguinaccio Suino;1;
Sapodilla / Sapotiglia;1;
Saporone Di Montagna;1;
Sarago;1;
Sarde / Sardine;4.91;
Sarde / Sardine Condite;1;
Sarde / Sardine Pulite;4.91;
Sarde / Sardine Salate;1;
Sarde In Agrodolce;1;
Sardine Sott'Olio Gastronomia;1;
Sashimi Di Salmone;1;
Sashimi Di Tonno;1;
Sauro;1;
Sbrinz;1;
Scalogno;1;
Scalogno Banana;1;
Scalogno Bio;1;
Scaloppe B.A.;1;
Scaloppe Piemontese B.A;1;
Scaloppe Pollo;1;
Scaloppe Scottona B.A.;1;
Scaloppe Vitello;1;
Scaloppine Ai Funghi Gastronomia;1;
Scamone Equino;1;
Scamone Puledro;1;
Scamone Vitello;1;
Scamorza / Provola;1.61;
Scamorza / Provola Affumicata;1.61;
Scamorza / Provola Affumicata Al Limone;1;
Scamorza / Provola Al Limone;1;
Scamorza / Provola Dei Nebrodi;1.61;
Scamorza / Provola Di Bufala;1;
Scamorza / Provola Semistagionata;1.61;
Scamorza / Provola Stagionata;1.61;
Scamorza Stick;1;
Scamorza Stick Affumicata;1;
Scamorza Treccia / Treccina / Treccione;1.61;
Scamorza Treccia Affumicata;1.61;
Scampi Grandi;1;
Scampi Medi;1;
Scampi Piccoli;1;
Scaramella / Corazza B.A.;1;
Schiacciata Affumicata;1;
Schiz;1;
Sciabola;1;
Sciarrano;1;
Scimudin;1;
Scorfano;1;
Scorfano Nero;1;
Scuete Fumade;1;
Sedano Bianco;1;
Sedano Bianco Bio;1;
Sedano Rapa;1;
Sedano Verde;1;
Sedano Verde Bio;1;
Segale;1;
Sella maialino;1;
Selle Coniglio;1;
Selle Quglia;1;
Semi Cumino;1;
Semi Di Anice;1;
Semi Di Canapa;1;
Semi Di Chia;1;
Semi Di Finocchio;1;
Semi Di Girasole;1;
Semi Di Lino;1;
Semi di Papavero;1;
Semi Di Sesamo;1;
Semi Di Zucca;1;
Semi Di Zucca Sgusciati;1;
Semi Di Zucca Tostati;1;
Semolino Dolce Fritto;1;
Semuda;1;
Seppia Gratinata;1;
Seppia Grigliata;1;
Seppia Nera;4.22;
Seppia Piccola / Seppiolina;4.22;
Seppia Pulita;4.22;
Seppie Con Piselli Gastronomia;1;
Serenella;1;
Sesamo Bio;1;
Sfilacci B.A.;1;
Sfilacci Equino ;1;
Sfilatino Di Grano Duro;1;
Sfilatino Morbido;1;
Sfincione;1;
Sgombro;3.82;
Silter;1;
Sior Moro De Selva;1;
Sogliola Eviscerata Grande;1;
Sogliola Eviscerata Media;1;
Sogliola Intera Grande;1;
Sogliola Intera Media;1;
Soia Gialla;1;
Soia Gialla Bio;1;
Sola;1;
Sole Di Sardegna;1;
Soligo;1;
Songino Bio;1;
Songino E Radicchio;1;
Songino E Radicchio Bio;1;
Soppressa;1;
Soppressa Equina;1;
Soppressa Veneta All'Aglio;1;
Soppressa Veneta Dolce;1;
Soppressata Dolce;1;
Soppressata Intera / Trancio;1;
Soppressata Irpina;1;
Soppressata Piccante;1;
Sopressa Vicentina;1;
Sorrisotti Pollo;1;
Sottofiletto B.A.;1;
Sottofiletto Vitello;1;
Sovracosce Di Pollo Gastronomia;1;
Sovracosce Impanate Pollo;1;
Sovracosce Pollo;6.59;
Sovracoscio Tacchino;0.78;
Spaccatina Di Pane;1;
Spalla A Tranci Cinghiale;1;
Spalla A Tranci Suino;1;
Spalla Abbacchio;1;
Spalla Agnello;1;
Spalla Con Osso Cinghiale;1;
Spalla Con Osso Suino;1;
Spalla Di San Secondo;1;
Spalla Maialino;1;
Spalla Tranci Coniglio;1;
Speciosa;1;
Speck;2.83;
Speck Cotto;1;
Speck Di Asiago;2.83;
Speck Di Cinghiale;1;
Speck Di Fesa;1;
Speck Equino;1;
Spezzatino Chianina B.A;1;
Spianata Di Ozieri;1;
Spianata Sarda;1;
Spiedini B.A.;1;
Spiedini Di Pesce Impanati;1;
Spiedini Di Pesce Misto;1;
Spiedini Di Pesce Spada;1;
Spiedini Di Sarde / Sardine;1;
Spiedini Misti Di Mare;1;
Spiedini Pollo;1;
Spiedini Pollo E Suino;1;
Spiedini Pollo E Tacchino;1;
Spiedini Pollo Tacchino E Suino;1;
Spiedini Suino;1;
Spiedini Tacchino;1;
Spighe;1;
Spigola / Branzino;7.1;
Spigola / Branzino Gaeta;2.41;
Spigola / Branzino Orbetello;2.41;
Spigola / Branzino Sicilia;2.41;
Spinaci;1;
Spinaci Bio;1;
Spinaci Cotti;1;
Spinaci In Busta;1;
Spinaci In Busta Bio;1;
Spinacine / Ortaiole Pollo;1;
Spinacine / Ortaiole Pollo E Tacchino;1;
Spinacine / Ortaiole Tacchino;1;
Spinacine Con Mozzarella Pollo;1;
Spinacino;1;
Spinarolo / Nocciolino;1;
Spressa;1;
Squacquerone;1;
Squaquerello;1;
Stanga;1;
Stella Alpina;1;
Stella Di Monte Fresco;1;
Stella Di Monte Semistagionato;1;
Stelvio / Stilfser;1;
Stilton;1;
Stinco Maiale Gastronomia;1;
Stinco Suino;1;
Stinco Vitello;1;
Storione Bianco;1;
Stracapra;1;
Straccetti B.A.;1;
Straccetti Black Angus B.A.;1;
Straccetti Chianina B.A.;1;
Straccetti Cinghiale;1;
Straccetti Conditi Pollo;1;
Straccetti Danese B.A.;1;
Straccetti Galletto;1;
Straccetti Pollo;1;
Straccetti Scottona B.A.;1;
Straccetti Struzzo;1;
Straccetti Suino;1;
Straccetti Tacchino;1;
Straccetti Vitello;1;
Stracchino;1;
Stracchino Con Yogurt;1;
Stracchino Di Bufala;1;
Stracchino Di Capra;1;
Stracchino Light;1;
Stracchino Probiotico;1;
Stracciatella;1;
Stracco Di Capra;1;
Strachi Del Belo Ecc;1;
Strachitunt;1;
Strisce Di Totano;5.17;
Strolghino;1;
Strutto;1;
Stuzzichini Di Prosciutto Cotto;1;
Suino In Parti / A Pezzi;1;
Suppl├¼;1;
Surimi;1;
Surimi Di Granchio;1;
Suro;1;
Susine / Prugne Angeleno;1;
Susine Gialle / Prugne Gialle;1;
Susine Gialle / Prugne Gialle Bio;1;
Susine Gialle Supreme;1;
Susine Nere / Prugne Nere;1;
Susine Nere / Prugne Nere Bio;1;
Susine Rosse / Prugne Rosse;1;
Susine Rosse / Prugne Rosse Bio;1;
Tacchino In Parti / A Pezzi;1;
Tacchino In Parti / A Pezzi Condito;1;
Tagliata B.A.;1;
Tagliata Black Angus B.A.;1;
Tagliata Chianina B.A.;1;
Tagliata Cinghiale;1;
Tagliata Danese B.A.;1;
Tagliata Equino;1;
Tagliata Piemontese B.A.;1;
Tagliata Pollo;1;
Tagliata Scottona B.A.;1;
Tagliata Struzzo;1;
Tagliata Suino;1;
Tagliata Tacchino;1;
Tagliata Vitello;1;
Tal├¿;1;
Taleggio;1.2;
Tamarindo;1;
Tamburino;1;
Tanuta / Cantaro;1;
Taragna;1;
Tartare B.A. ;1;
Tartare Di Pesce Spada;1;
Tartare Di Salmone;1;
Tartare Di Tonno;1;
Tartare DI Tonno A Pinne Gialle;1;
Tartarughe;1;
Tartufella Di Norcia;1;
Tartufo Di Mare;1;
Telline;1;
Tenerelle Pollo;1;
Tenerone B. A.;1;
Tenerumi Di Zucchine;1;
Testa Agnello ;1;
Testa Cinghiale;1;
Testa Di Salmone;1;
Testa Maialino;1;
Testadura;1;
Testina B. A.;1;
Testina Coniglio;1;
Testina Vitello;1;
Testun Al Barolo;1;
Testun Vacca E Pecora;1;
Tete De Moine;1;
Timo;1;
Tiu Bore;1;
Toma Al Tartufo;1;
Toma Alla Birra;1;
Toma Alta Valle;1;
Toma Bergamasca;1;
Toma Biellese;1;
Toma Blu;1;
Toma Del Monte;1;
Toma Del Mottarone;1;
Toma Di Capra;1;
Toma Di Gressoney;1;
Toma Di Grotta;1;
Toma Di Lanzo;1;
Toma Maccagno;1;
Toma Monte Corna;1;
Toma Piemontese;1;
Toma Piemontese Piccante;1;
Tombarello / Viso;1;
Tomino A Rotolo;1;
Tomino Classico;1;
Tomino Con Erbe;1;
Tomino Con Peperoncino;1;
Tomino Con Rucola;1;
Tomino Con Salume;1;
Tomino Del Boscaiolo;1;
Tomino Fior Di Bosco;1;
Tomino Piemontesino;1;
Tonno Alletterato;1;
Topinambur;1;
Torta Orobica;1;
Torta Rustica;1;
Toscanella;1;
Totano;5.17;
Totano Fritto;1;
Trancio Di Alalunga;1;
Trancio Di Merluzzo;3.43;
Trancio Di Pesce Spada;3.02;
Trancio Di Pesce Spada Impanato;1;
Trancio Di Pesce Spada Impanato;1;
Trancio Di Salmone;7.38;
Trancio Di Smeriglio;1;
Trancio Di Tonno;1.54;
Trancio Di Tonno A Pinne Gialle;1.54;
Trancio Murena;1;
Trancio Rospo / Rana Pescatrice;1;
Trattalia;1;
Tre Latti;1;
Tre Latti Valsamoggia;1;
Treccia Vaccina;1;
Treccia Vaccina Affumicata;1;
Treccione;1;
Treccione Affumicato;1;
Trenta;1;
Trentingrana;1;
Trentingrana Grattuggiato;1;
Triangolo Camaione;1;
Triglia Di Fango;1;
Triglia Di Scoglio;1;
Trinca A Fette B.A.;1;
Trippa B.A.;1;
Tris Aglio Cipolla Scalogno;1;
Tris di Radicchio;1;
Tris Frutti Di Mare Cotti;1;
Tronchetto Armonia;1;
Tronchetto Di Capra;1;
Trota Affumicata;1;
Trota Bianca;3.93;
Trota Iridea Salmonata;3.93;
Tuma;1;
Tuma Canziata;1;
Tuma Con Peperoncino;1;
Tuma Con Rucola;1;
Tuma Dla Paja;1;
Tuma Persa;1;
Tuma Piemontese;1;
Tzatziki;1;
Uova Di Lompo;1;
Uova Di Lompo;1;
Uova Di Seppia;1;
Uva Americana;1;
Uva Baresana;1;
Uva Bianca;1;
Uva Bianca Bio;1;
Uva Bianca Di Mazzarone Igp;1;
Uva Bianca E Nera;1;
Uva Bianca Italia;1;
Uva Bianca Sugraone;1;
Uva Black Rose';1;
Uva Essiccata;1;
Uva Fragola;1;
Uva Moscata;1;
Uva Nera;1;
Uva Nera Bio;1;
Uva Nera Di Mazzarone Igp;1;
Uva Palieri Nera;1;
Uva Passa Cilena;1;
Uva Pizzutella Bianca;1;
Uva Pizzutella Rossa / Nera;1;
Uva Red Globe;1;
Uva Red Globe Bio;1;
Uva Regina;1;
Uva Rossa Apirena;1;
Uva Senza Semi Bianca;1;
Uva Senza Semi Bianca Bio;1;
Uva Senza Semi Nera;1;
Uva Senza Semi Rossa;1;
Uva Sultanina;1;
Uva Sultanina Bio;1;
Uva Thompson;1;
Uva Vittoria;1;
Uva Vittoria Bio;1;
Vaccaro Sardo;1;
Vacherin Mont D'Or;1;
Valeriana Bio;1;
Valtellina Casera;1;
Valtellina Casera Stagionata;1;
Vastedda Del Belice;1;
Vastedda Palermitana;1;
Vastedda Palermitana Affumicata;1;
Vellutata Di Asparagi;1;
Vellutata Di Carciofi;1;
Zucchine verdi scure;1;
Vellutata Di Piselli;1;
Vellutata Di Zucca;1;
Vera Capra;1;
Verdesca;1;
Verdure Cotte Al Vapore;1;
Verdure Grigliate;1;
Verdure In Pastella;1;
Verdure Ripassate;1;
Verena;1;
Vergaro;1;
Verza Tagliata;1;
Verzin;1;
Vezzena;1;
Vezzena Contra Del Biordo;1;
Vitello Tonnato;1;
Vongola / Lupino;5.93;
Vongola Verace Grande;5.93;
Vongola Verace Media;5.93;
Vulcano;1;
Zampi / Piedini Agnello;1;
Zampi / Piedini B.A.;1;
Zampi / Piedini Cinghiale;1;
Zampi / Piedini Pecora;1;
Zampi / Piedini Suino;1;
Zanchetta / Suacia;1;
Zenzero;1;
Zenzero A Cubetti;1;
Zenzero Bio;1;
Zenzero Disidratato;1;
Zerro;1;
Zucca;1;
Zucca A Cubetti;1;
Zucca Bio;1;
Zucca Butternut;1;
Zucca Crown Prince;1;
Zucca Delica;1;
Zucca Francese;1;
Zucca Gialla;1;
Zucca Moscata;1;
Zucca Napoletana;1;
Zucca Napoletana Tagliata;1;
Zucca Ornamentale;1;
Zucca Tagliata;1;
Zucca Violino;1;
Zucchine Gratinate;1;
Zucchine Grigliate;1;
Zucchine Julienne;1;
Zucchine Ripiene;1;
Zucchine Romanesche / Con Fiore;0.11;Cestino / Vassoio o Busta / Sottovuoto / Skin
Zucchine Verdi Chiare;0.11;Cestino / Vassoio o Busta / Sottovuoto / Skin
Zucchine Verdi Chiare Siciliane / Lunghe;0.11;Cestino / Vassoio o Busta / Sottovuoto / Skin
Zucchine Verdi Chiare Tonde;0.11;Cestino / Vassoio o Busta / Sottovuoto / Skin
Zucchine Verdi Scure;0.11;Cestino / Vassoio o Busta / Sottovuoto / Skin
Zucchine Verdi Scure Bio;1;
Zucchine Verdi Scure Tonde;0.11;Cestino / Vassoio o Busta / Sottovuoto / Skin
Zuppa Farro E Fagioli;1;
Zuppa Farro E Verdure;1;
Zuppa Gallurese;1;
Zuppa Legumi E Cereali;1;
Zuppa Legumi Secchi;1;
Zuppa Ortolana;1;
Zuppa Rustica Legumi;1;
Zuppetta 3 / Misto Pesce;1;
Limoni;1.06;Sfuso
Limoni Amalfi IGP;1.06;Sfuso
Limoni Foglia;1.06;Sfuso
Limoni Primo Fiore;1.06;Sfuso
Kiwi Giallo Gold;1.6;Sfuso
Kiwi Hayward;1.6;Sfuso
Zucchine Romanesche / Con Fiore;4.9;Sfuso
Zucchine Verdi Chiare;4.9;Sfuso
Zucchine Verdi Chiare Siciliane / Lunghe;4.9;Sfuso
Zucchine Verdi Chiare Tonde;4.9;Sfuso
Zucchine Verdi Scure;4.9;Sfuso
Zucchine Verdi Scure Tonde;4.9;Sfuso
Peperoni Arancioni;0.07;Cestino / Vassoio o Busta / Sottovuoto / Skin
Peperoni Corno Misti;0.07;Cestino / Vassoio o Busta / Sottovuoto / Skin
Peperoni Corno Rossi;0.07;Cestino / Vassoio o Busta / Sottovuoto / Skin
Peperoni Corno Verdi;0.07;Cestino / Vassoio o Busta / Sottovuoto / Skin
Peperoni Gialli;0.07;Cestino / Vassoio o Busta / Sottovuoto / Skin
Peperoni Mini;0.07;Cestino / Vassoio o Busta / Sottovuoto / Skin
Peperoni Misti;0.07;Cestino / Vassoio o Busta / Sottovuoto / Skin
Peperoni Rossi;0.07;Cestino / Vassoio o Busta / Sottovuoto / Skin
Peperoni Verdi;0.07;Cestino / Vassoio o Busta / Sottovuoto / Skin
Clementine;0.08;Cestino / Vassoio o Busta / Sottovuoto / Skin
Clementine Foglia;0.08;Cestino / Vassoio o Busta / Sottovuoto / Skin
Clementine Tacle;0.08;Cestino / Vassoio o Busta / Sottovuoto / Skin
Pesche Bianche;5.24;Sfuso
Pesche Gialle;5.24;Sfuso
Pesche Nettarine / Noci  Bianche;5.24;Sfuso
Pesche Nettarine / Noci Gialle;5.24;Sfuso
Pesche Percoche;5.24;Sfuso
Pesche Rosse;5.24;Sfuso
Pesche Saturnine Tabacchiere;5.24;Sfuso
Pere Abate;0.1;Cestino / Vassoio o Busta / Sottovuoto / Skin
Pere Angelys;0.1;Cestino / Vassoio o Busta / Sottovuoto / Skin
Pere Bartlett;0.1;Cestino / Vassoio o Busta / Sottovuoto / Skin
Pere Butirre;0.1;Cestino / Vassoio o Busta / Sottovuoto / Skin
Pere Carmen;0.1;Cestino / Vassoio o Busta / Sottovuoto / Skin
Pere Conference;0.1;Cestino / Vassoio o Busta / Sottovuoto / Skin
Pere Coscia;0.1;Cestino / Vassoio o Busta / Sottovuoto / Skin
Pere D'Anjou;0.1;Cestino / Vassoio o Busta / Sottovuoto / Skin
Pere Decana;0.1;Cestino / Vassoio o Busta / Sottovuoto / Skin
Pere Ercoline;0.1;Cestino / Vassoio o Busta / Sottovuoto / Skin
Pere Forelle;0.1;Cestino / Vassoio o Busta / Sottovuoto / Skin
Pere Guyot;0.1;Cestino / Vassoio o Busta / Sottovuoto / Skin
Pere Kaiser;0.1;Cestino / Vassoio o Busta / Sottovuoto / Skin
Pere Madernas;0.1;Cestino / Vassoio o Busta / Sottovuoto / Skin
Pere Nashi;0.1;Cestino / Vassoio o Busta / Sottovuoto / Skin
Pere Packam's;0.1;Cestino / Vassoio o Busta / Sottovuoto / Skin
Pere Santa Maria;0.1;Cestino / Vassoio o Busta / Sottovuoto / Skin
Pere Spinelli;0.1;Cestino / Vassoio o Busta / Sottovuoto / Skin
Pere Williams Bianche;0.1;Cestino / Vassoio o Busta / Sottovuoto / Skin
Pere Williams Rosse;0.1;Cestino / Vassoio o Busta / Sottovuoto / Skin
Finocchi;2.04;Cestino / Vassoio o Busta / Sottovuoto / Skin
Melanzane Bianche;2.58;Sfuso
Melanzane Nere Lunghe;2.58;Sfuso
Melanzane Nere Tonde / Globose;2.58;Sfuso
Melanzane Perline;2.58;Sfuso
Melanzane Viola;2.58;Sfuso
Melanzane Viola Mini;2.58;Sfuso
Melanzane Viola Striate;2.58;Sfuso
Banane;2.05;Cestino / Vassoio o Busta / Sottovuoto / Skin
Pomodori Camone / Majore;0.31;Cestino / Vassoio o Busta / Sottovuoto / Skin
Pomodori Ciliegino;0.31;Cestino / Vassoio o Busta / Sottovuoto / Skin
Pomodori Ciliegino Crispino nero;0.31;Cestino / Vassoio o Busta / Sottovuoto / Skin
Pomodori Ciliegino Giallo;0.31;Cestino / Vassoio o Busta / Sottovuoto / Skin
Pomodori Ciliegino IGP / Pachino;0.31;Cestino / Vassoio o Busta / Sottovuoto / Skin
Pomodori Costoluto;0.31;Cestino / Vassoio o Busta / Sottovuoto / Skin
Pomodori Costoluto IGP di Pachino;0.31;Cestino / Vassoio o Busta / Sottovuoto / Skin
Pomodori Cuore Di Bue;0.31;Cestino / Vassoio o Busta / Sottovuoto / Skin
Pomodori Datterino;0.31;Cestino / Vassoio o Busta / Sottovuoto / Skin
Pomodori Datterino Gialli;0.31;Cestino / Vassoio o Busta / Sottovuoto / Skin
Pomodori Grappolo Rosso;0.31;Cestino / Vassoio o Busta / Sottovuoto / Skin
Pomodori Insalataro Tondi Verdi;0.31;Cestino / Vassoio o Busta / Sottovuoto / Skin
Pomodori Marzanino;0.31;Cestino / Vassoio o Busta / Sottovuoto / Skin
Pomodori Mini Oblungo / Mini Plum;0.31;Cestino / Vassoio o Busta / Sottovuoto / Skin
Pomodori Mini San Marzano;0.31;Cestino / Vassoio o Busta / Sottovuoto / Skin
Pomodori Oblungo / Allungato Rosso;0.31;Cestino / Vassoio o Busta / Sottovuoto / Skin
Pomodori Oblungo / Allungato Verde;0.31;Cestino / Vassoio o Busta / Sottovuoto / Skin
Pomodori Perino Rosso;0.31;Cestino / Vassoio o Busta / Sottovuoto / Skin
Pomodori Perino Verde;0.31;Cestino / Vassoio o Busta / Sottovuoto / Skin
Pomodori Piccadilly;0.31;Cestino / Vassoio o Busta / Sottovuoto / Skin
Pomodori Riso;0.31;Cestino / Vassoio o Busta / Sottovuoto / Skin
Pomodori San Marzano;0.31;Cestino / Vassoio o Busta / Sottovuoto / Skin
Pomodori Torpedino;0.31;Cestino / Vassoio o Busta / Sottovuoto / Skin
Pomodorini Sardegna;0.31;Cestino / Vassoio o Busta / Sottovuoto / Skin
Mele Ambrosia;0.9;Cestino / Vassoio o Busta / Sottovuoto / Skin
Mele Annurche;0.9;Cestino / Vassoio o Busta / Sottovuoto / Skin
Mele Annurche IGP;0.9;Cestino / Vassoio o Busta / Sottovuoto / Skin
Mele Cotogne;0.9;Cestino / Vassoio o Busta / Sottovuoto / Skin
Mele Fuji;0.9;Cestino / Vassoio o Busta / Sottovuoto / Skin
Mele Golden;0.9;Cestino / Vassoio o Busta / Sottovuoto / Skin
Mele Granny Smith;0.9;Cestino / Vassoio o Busta / Sottovuoto / Skin
Mele Modi;0.9;Cestino / Vassoio o Busta / Sottovuoto / Skin
Mele Morgenduft / Imperatore;0.9;Cestino / Vassoio o Busta / Sottovuoto / Skin
Mele Pink Lady;0.9;Cestino / Vassoio o Busta / Sottovuoto / Skin
Mele Pinova;0.9;Cestino / Vassoio o Busta / Sottovuoto / Skin
Mele Renette;0.9;Cestino / Vassoio o Busta / Sottovuoto / Skin
Mele Royal Gala;0.9;Cestino / Vassoio o Busta / Sottovuoto / Skin
Mele Stark / Red Delicious;0.9;Cestino / Vassoio o Busta / Sottovuoto / Skin
Arance Bionde Ovali;0.03;Cestino / Vassoio o Busta / Sottovuoto / Skin
Arance Foglia;0.03;Cestino / Vassoio o Busta / Sottovuoto / Skin
Arance Moro;0.03;Cestino / Vassoio o Busta / Sottovuoto / Skin
Arance Navel;0.03;Cestino / Vassoio o Busta / Sottovuoto / Skin
Arance Navel D.O.P.;0.03;Cestino / Vassoio o Busta / Sottovuoto / Skin
Arance Navel Foglia;0.03;Cestino / Vassoio o Busta / Sottovuoto / Skin
Arance Ribera;0.03;Cestino / Vassoio o Busta / Sottovuoto / Skin
Arance Salustiane;0.03;Cestino / Vassoio o Busta / Sottovuoto / Skin
Arance Sanguinello;0.03;Cestino / Vassoio o Busta / Sottovuoto / Skin
Arance Tarocco;0.03;Cestino / Vassoio o Busta / Sottovuoto / Skin
Arance Tarocco Foglia;0.03;Cestino / Vassoio o Busta / Sottovuoto / Skin
Arance Tarocco IGP;0.03;Cestino / Vassoio o Busta / Sottovuoto / Skin
Arance Valencia;0.03;Cestino / Vassoio o Busta / Sottovuoto / Skin
Arance Vaniglia Apireno;0.03;Cestino / Vassoio o Busta / Sottovuoto / Skin
Arance Washington Navel;0.03;Cestino / Vassoio o Busta / Sottovuoto / Skin
